GCAPost1,GCAPost2,GCAPost3,GCAPost4,GCAPost5,GCAPost6,GCAPost7,GCAPost8,GCAPost9,GCAPost10,GCAPost11,GCAPost12,GCAPost13,GCAPost14,GCAPost15,GCAPost16,GCAPost17,GCAPost18,GCAPost19,GCAPost20,GCAPost21,GCAPost22,GCAPost23,GCAPost24,GCAPost25
1,1,1,1,1,1,1,1,1,1,0,1,1,1,0,0,0,0,1,0,0,1,1,0,1
0,0,0,1,0,1,0,0,1,1,0,0,1,1,0,0,0,1,1,0,0,0,1,1,0
1,1,0,1,0,1,1,1,1,1,0,0,1,1,0,1,0,1,1,0,1,0,1,0,1
0,1,1,1,0,1,1,0,1,1,0,0,0,1,1,0,0,0,1,1,0,1,0,0,1
0,1,0,1,1,1,1,1,1,1,0,1,1,1,1,1,0,0,1,0,1,1,1,1,1
1,1,1,1,1,1,1,1,0,1,0,1,0,0,0,1,1,1,1,0,0,1,0,0,1
0,0,0,0,0,1,0,1,1,0,0,1,1,1,1,0,0,0,1,0,0,1,0,0,1
1,1,0,1,1,0,1,1,1,0,1,0,1,0,0,1,0,0,1,0,1,1,1,1,1
0,1,1,1,0,0,1,0,0,0,0,0,0,1,0,0,0,1,1,0,0,0,1,0,0
1,1,1,1,1,0,1,1,1,1,1,1,1,0,0,0,1,1,1,0,0,0,1,0,0
1,1,1,1,1,1,1,1,0,1,0,0,1,0,0,1,0,1,0,0,0,1,1,1,1
1,1,1,1,1,1,1,1,1,1,1,1,1,1,1,1,1,1,1,1,1,1,1,1,1
0,1,0,1,0,0,0,1,0,0,0,1,0,1,0,1,0,0,1,0,0,0,0,0,0
1,1,0,1,1,1,1,1,1,1,1,1,1,1,0,1,1,1,1,1,0,1,1,1,1
1,1,0,1,0,1,1,1,1,1,0,0,1,1,0,0,0,1,1,0,0,0,1,1,1
1,1,0,1,1,1,1,1,1,1,1,0,1,1,1,1,1,1,1,0,1,1,1,0,1
1,1,1,1,1,0,1,1,1,1,1,1,1,0,1,1,0,1,1,0,1,0,1,1,1
1,0,0,1,1,1,0,1,0,0,0,1,1,0,0,1,0,0,1,0,0,0,0,0,1
1,1,1,1,1,0,0,1,0,0,1,1,1,1,1,0,0,1,1,0,1,0,0,1,0
1,1,1,1,1,1,1,0,1,0,1,1,1,1,1,0,1,0,1,0,1,1,0,1,1
1,0,1,1,1,1,1,1,1,1,1,1,1,1,1,0,1,0,1,1,1,0,0,1,0
1,0,0,1,1,0,1,1,1,0,0,1,1,0,0,1,1,1,1,1,0,0,0,0,1
1,0,0,1,0,0,1,1,0,0,1,0,1,1,0,0,1,0,1,0,1,1,1,0,0
1,0,0,1,1,1,1,1,0,1,0,1,1,0,1,1,0,0,1,1,0,1,1,0,1
1,1,1,1,1,1,1,1,1,1,1,1,1,1,1,1,1,1,1,1,1,1,1,1,1
1,1,0,1,0,1,1,1,0,0,1,1,1,1,0,1,1,1,1,0,0,0,0,1,0
1,1,1,1,1,1,1,1,1,0,1,0,1,1,1,0,1,1,1,1,1,1,1,1,0
1,1,0,1,1,0,0,1,1,1,0,1,1,1,1,0,1,0,1,1,1,1,0,0,0
1,0,0,1,0,1,0,1,0,0,0,0,1,1,1,0,0,0,1,0,1,1,0,1,1
1,0,0,1,0,1,1,1,1,0,1,0,1,0,1,0,0,0,1,0,0,0,1,0,0
1,0,1,0,1,1,0,1,1,0,0,1,1,1,0,0,0,0,1,1,0,0,0,1,0
1,1,0,1,0,0,1,1,0,0,1,0,0,0,1,0,0,0,1,0,1,0,1,0,0
1,0,1,0,0,0,0,1,0,0,1,1,1,0,1,0,1,0,1,1,0,0,0,0,1
1,1,0,1,1,1,1,1,0,1,1,0,1,1,1,0,1,1,0,1,1,1,1,1,1
1,0,0,1,0,0,1,1,1,1,0,0,0,0,0,1,0,0,0,1,0,1,1,0,1
1,0,1,0,1,1,0,1,0,0,0,1,1,0,1,0,0,1,1,0,0,0,1,0,1
1,0,0,1,0,0,0,1,0,0,0,0,1,1,0,1,0,0,1,0,0,0,0,0,1
1,1,0,0,0,1,0,1,0,0,0,0,0,0,0,0,0,1,1,0,0,0,1,1,0
1,0,1,1,0,0,1,1,0,0,0,1,1,1,1,0,0,1,1,1,0,1,1,0,1
1,0,1,1,0,1,1,1,1,1,1,1,1,0,1,0,0,1,1,0,0,1,0,1,1
1,0,0,1,0,0,0,1,0,0,1,1,0,1,1,0,0,0,1,0,0,1,0,0,0
1,1,1,1,1,1,1,1,1,1,1,1,1,1,1,1,0,1,0,1,1,0,1,1,1
1,1,0,0,0,0,1,1,1,0,1,1,1,1,0,0,0,1,1,0,1,1,0,1,1
1,1,1,1,0,1,1,1,0,1,1,1,1,1,0,1,0,1,1,0,1,1,1,1,1
1,1,0,0,1,1,1,1,0,0,0,1,1,0,0,0,1,1,1,0,0,0,0,0,0
1,1,0,1,1,1,1,1,1,1,1,1,1,1,1,1,1,1,0,1,1,1,1,1,1
1,0,1,1,0,1,1,1,1,0,1,1,1,1,1,0,0,0,1,0,0,1,0,0,1
1,1,1,0,0,1,1,1,0,1,0,0,1,1,1,0,0,0,0,1,0,1,1,0,0
1,1,1,1,0,0,1,1,0,0,1,0,1,1,0,0,1,1,0,1,0,0,1,1,1
1,0,0,0,0,0,1,1,0,0,1,0,0,1,1,0,0,0,1,0,1,1,0,0,0
1,1,0,0,0,1,1,1,0,0,0,1,1,1,1,0,0,0,1,0,1,0,0,1,1
1,0,1,1,0,1,1,1,0,0,1,1,1,0,1,1,1,1,1,1,0,1,1,1,1
1,1,0,1,1,0,1,1,0,0,0,1,0,0,1,0,1,0,1,0,0,1,0,1,1
1,1,0,1,1,1,1,1,0,1,0,0,1,1,1,0,0,0,1,1,0,0,1,0,1
1,1,1,1,1,1,1,1,1,1,1,1,1,1,0,1,0,1,1,1,1,1,1,1,1
1,1,0,1,1,1,1,1,1,1,1,1,1,1,1,1,1,1,1,0,1,1,0,1,1
1,1,0,1,0,1,1,1,1,0,0,1,1,1,1,1,1,1,1,0,1,1,0,1,1
1,0,0,1,1,1,1,1,0,1,0,1,1,0,1,1,1,1,1,1,1,0,0,0,1
1,0,0,1,0,0,0,1,0,0,0,0,1,1,0,1,0,1,1,0,1,0,0,0,1
0,1,0,0,0,1,1,1,1,1,1,0,1,0,0,1,0,1,1,0,0,0,1,1,0
1,1,0,1,0,1,1,1,1,0,1,1,1,0,0,1,1,0,1,0,0,1,0,0,0
1,0,1,1,1,1,1,1,1,0,1,1,1,1,1,1,1,1,1,1,0,1,1,1,1
0,1,1,1,0,1,0,0,1,0,0,0,0,0,0,0,1,1,1,0,1,0,0,1,0
1,0,1,0,1,1,1,1,0,1,1,1,0,1,1,0,0,1,1,0,0,1,0,1,1
1,0,0,1,0,1,1,1,0,0,1,0,0,1,1,0,1,1,1,0,1,1,0,1,1
1,1,1,1,1,1,1,1,0,0,1,1,1,1,1,1,1,1,1,1,1,1,1,0,1
1,1,1,1,1,1,1,1,1,1,1,1,0,1,1,1,1,1,1,1,1,1,1,1,1
1,1,0,1,0,0,1,1,1,0,0,0,1,1,0,1,0,0,1,0,0,1,1,0,1
1,0,0,1,0,1,1,1,0,1,0,0,0,1,1,0,1,1,1,0,1,0,1,1,1
1,0,0,1,1,0,1,1,1,0,0,1,0,1,0,1,1,0,0,0,0,0,0,0,0
1,1,0,1,1,0,1,1,1,0,1,0,1,0,1,0,1,1,1,1,1,1,1,1,0
1,1,1,1,1,1,1,1,0,1,1,1,0,1,1,1,1,1,1,1,1,1,1,1,1
1,1,0,1,1,1,1,1,0,0,0,0,1,0,1,1,1,0,1,1,0,1,0,0,0
1,1,1,1,1,1,1,1,1,1,1,1,0,1,1,1,1,1,1,1,1,1,1,0,1
1,1,1,1,1,1,1,1,1,0,1,0,1,1,0,0,1,0,1,1,1,0,0,0,0
1,1,0,1,0,0,1,1,1,0,0,0,1,1,1,1,1,1,1,0,1,1,0,1,0
1,1,0,0,1,1,0,1,0,1,0,0,1,1,1,1,1,0,1,1,1,1,1,0,1
1,1,0,0,0,1,1,1,0,0,1,1,1,1,0,0,1,0,1,0,0,1,0,0,1
1,1,1,1,1,1,1,1,1,1,1,1,0,1,0,1,1,1,1,1,1,0,0,0,0
1,1,0,0,0,0,0,1,1,1,0,0,1,1,1,0,1,0,1,0,0,1,0,0,1
1,1,1,1,0,0,1,1,1,0,1,0,0,0,0,0,1,0,1,0,0,1,1,1,0
1,1,1,1,0,1,1,1,0,0,1,0,1,1,1,0,1,0,1,1,1,1,1,0,0
1,1,1,1,1,1,1,1,0,1,1,1,0,1,0,0,0,0,0,1,0,1,1,1,1
1,1,1,1,0,0,1,1,0,0,0,0,1,0,1,1,0,0,1,0,0,0,0,0,1
1,1,0,1,0,1,1,1,0,1,1,0,1,1,1,1,1,1,1,1,1,1,1,1,1
1,0,0,1,0,0,1,1,0,0,1,1,1,0,1,1,1,0,1,1,1,1,1,0,0
1,1,0,1,1,0,1,1,1,0,1,0,1,1,1,0,1,1,1,1,1,1,1,1,0
1,0,0,1,1,0,1,1,0,1,0,0,1,1,0,1,1,0,1,1,0,1,0,0,0
1,1,0,0,1,0,1,1,0,1,0,0,1,1,1,0,0,0,1,0,1,0,1,0,0
0,1,1,0,1,1,1,1,1,0,0,1,1,1,0,0,1,0,1,0,1,1,1,1,1
1,0,0,1,0,1,1,1,1,1,0,1,1,1,1,0,1,0,1,0,1,1,1,1,0
1,1,0,1,1,1,1,1,1,1,1,0,1,1,1,0,1,0,1,0,0,1,1,1,1
1,0,0,1,1,0,1,1,0,0,0,1,0,1,0,0,1,1,0,0,1,1,0,0,1
1,1,0,1,1,0,1,1,0,0,1,1,1,1,0,1,1,1,0,1,1,1,0,1,1
1,1,0,1,0,1,1,1,0,0,1,1,1,1,0,1,0,1,1,0,1,0,0,0,1
1,1,1,0,1,1,1,0,0,0,1,0,1,1,0,0,1,0,1,1,0,0,0,0,0
1,0,1,1,1,1,1,1,1,0,0,0,1,1,0,1,1,1,1,0,0,0,0,1,1
1,1,1,0,0,0,0,1,0,0,0,0,1,0,0,1,0,0,0,0,0,0,0,0,0
0,1,0,0,0,1,0,1,1,0,0,1,1,1,0,1,0,1,1,0,0,0,0,0,0
1,1,1,1,0,0,1,1,0,0,0,0,1,1,0,0,1,0,1,0,0,0,0,0,0
1,1,1,1,1,0,1,1,1,0,0,0,1,0,1,1,1,1,1,1,0,0,0,1,1
1,1,1,1,1,1,1,1,1,0,1,0,1,1,1,1,1,1,0,0,1,0,0,1,1
0,1,0,0,0,1,1,1,1,0,1,1,0,0,0,1,1,1,1,0,1,0,1,0,0
1,1,0,1,1,1,1,1,1,0,1,0,1,0,1,1,1,0,1,0,0,1,1,0,0
1,0,1,0,1,0,1,1,0,0,1,1,1,1,0,1,0,0,1,1,0,0,1,1,0
1,1,0,1,1,0,0,1,0,0,0,1,0,1,0,0,0,1,1,1,0,1,1,0,0
1,1,0,1,1,1,1,1,1,1,1,1,1,0,1,1,0,1,0,0,1,0,1,1,1
1,1,0,1,1,1,1,1,1,1,1,1,1,1,1,1,0,1,0,1,1,1,1,1,1
1,0,1,1,1,1,1,1,1,0,1,0,1,1,0,0,1,1,0,0,0,0,0,1,1
1,1,0,1,1,1,1,1,1,1,0,1,1,1,1,1,0,1,1,1,1,1,1,1,1
1,1,0,1,1,1,1,1,1,0,0,0,1,0,1,0,1,0,1,0,0,1,0,1,1
1,1,0,0,0,0,1,1,0,0,0,0,1,1,1,0,1,0,1,1,0,1,0,1,1
1,1,1,1,1,1,1,1,1,1,1,1,0,1,1,1,1,1,1,1,1,1,1,1,1
1,1,1,1,1,1,1,1,0,0,1,0,1,1,1,0,0,1,1,1,1,1,1,1,1
1,1,0,0,1,0,1,1,0,0,0,1,1,1,0,0,1,0,1,0,1,1,1,0,1
1,1,0,1,0,1,0,1,0,1,0,1,1,1,1,1,1,1,0,0,1,0,1,0,1
1,1,0,1,1,1,1,1,1,0,1,1,1,1,1,1,1,1,1,0,0,1,1,0,1
1,1,0,0,0,1,0,1,1,1,0,0,1,1,0,0,0,0,1,0,0,0,1,0,1
1,0,0,0,1,0,0,1,0,0,0,1,1,1,1,0,1,1,1,0,0,0,0,0,0
1,0,0,1,0,1,1,1,0,1,0,0,0,1,0,0,1,0,1,0,0,1,0,1,0
1,1,0,1,1,1,0,1,0,1,1,1,0,0,0,1,0,0,1,0,0,1,1,0,1
1,1,1,1,0,1,1,0,0,0,1,0,1,1,1,0,1,0,0,1,0,1,0,1,0
1,0,0,1,1,1,1,0,1,0,1,1,1,1,0,0,0,1,1,1,0,0,1,1,0
1,1,0,1,1,0,1,1,1,1,1,1,1,1,0,1,0,1,0,1,1,0,1,0,1
1,0,0,1,1,0,1,1,1,0,1,0,1,1,1,0,0,0,1,1,1,1,1,1,1
1,1,1,1,1,1,1,1,1,1,1,0,1,1,1,1,0,1,1,0,1,0,1,1,1
0,1,1,1,1,1,1,1,1,0,1,1,1,1,1,1,1,0,1,1,1,1,1,1,1
0,1,0,1,0,1,0,1,0,1,0,0,0,0,0,1,1,0,1,0,1,1,1,0,0
0,1,0,1,0,1,0,1,1,1,1,1,1,0,0,0,1,1,1,1,1,0,1,1,0
1,1,1,1,1,1,1,1,1,1,1,1,1,1,1,1,1,1,0,0,1,1,0,1,0
0,1,0,0,0,1,1,1,0,0,0,0,1,0,0,0,0,0,1,0,0,0,0,0,1
1,1,1,0,0,0,0,1,0,0,1,0,1,0,0,0,1,0,1,0,0,1,0,0,0
1,1,0,1,0,1,0,1,1,0,1,0,0,1,0,0,0,0,1,0,0,0,0,1,0
1,1,1,1,1,1,1,1,0,1,1,1,1,1,0,1,1,1,1,0,1,1,1,1,0
1,1,1,1,1,1,1,1,1,1,0,1,1,1,0,0,0,1,1,1,1,0,1,1,1
1,1,1,0,0,1,1,1,0,1,1,1,1,0,1,0,0,1,1,1,0,0,1,1,0
0,1,1,1,1,0,0,1,0,0,0,0,1,0,0,0,0,1,0,0,0,1,0,0,0
0,1,0,1,0,1,1,1,1,1,0,0,1,0,0,0,1,0,1,0,0,0,0,0,0
0,0,0,1,1,0,1,1,1,0,1,1,1,0,0,0,0,0,1,0,0,1,1,0,0
0,0,0,1,0,1,1,0,0,1,0,1,0,0,0,0,0,0,1,0,0,1,1,1,0
1,1,1,1,1,1,1,1,0,0,0,1,1,0,0,1,0,0,1,0,1,1,1,1,1
1,1,0,1,1,0,0,1,1,0,0,1,1,0,0,0,0,0,1,0,0,0,1,0,1
1,0,0,1,1,1,1,1,1,1,1,1,1,1,1,0,0,0,1,0,1,0,1,1,1
1,1,0,1,1,0,0,1,1,0,0,0,1,1,0,1,1,1,1,1,0,0,0,0,0
0,1,0,0,0,0,0,1,0,0,0,1,0,0,0,0,0,0,0,1,0,0,1,0,0
1,1,0,1,1,1,1,1,0,1,1,1,1,1,0,1,1,1,1,0,1,1,1,1,1
1,1,0,1,1,1,1,1,1,1,1,1,1,1,0,1,1,1,0,1,1,0,1,1,1
1,1,1,1,1,1,1,1,1,1,1,0,1,1,0,0,0,1,1,0,0,0,1,1,1
1,1,1,1,1,1,1,1,1,0,1,1,1,1,0,1,1,0,0,1,1,1,1,1,0
1,1,1,1,1,1,1,1,0,1,1,1,1,1,0,1,1,1,1,0,1,1,1,1,0
0,1,0,0,0,0,1,1,0,1,1,1,1,1,0,0,0,1,0,0,1,1,0,1,1
0,1,0,1,0,0,1,1,1,0,0,0,1,0,0,0,0,1,1,0,1,0,1,0,0
1,1,0,1,0,1,1,1,0,0,0,1,0,1,0,1,1,0,1,0,0,0,1,0,0
1,1,1,1,0,1,1,1,0,0,1,1,0,1,0,1,1,1,1,1,1,1,1,0,1
1,1,1,1,1,1,1,1,1,1,1,0,1,1,0,1,0,1,0,1,1,1,1,1,1
0,1,0,1,1,1,1,1,1,1,1,1,1,1,0,0,0,1,1,1,0,0,1,0,1
1,1,1,1,1,1,1,1,1,1,1,1,1,1,0,1,1,1,0,1,1,1,1,1,0
1,1,0,1,0,1,1,1,0,1,1,0,1,0,0,0,0,0,0,1,1,0,1,1,1
0,0,1,0,1,1,1,0,0,0,0,0,0,1,0,1,1,0,0,0,0,0,0,1,0
1,1,1,1,1,1,1,1,1,1,1,0,1,1,0,0,1,1,1,0,1,1,1,0,1
1,1,1,1,1,1,1,1,1,0,1,1,1,1,1,1,1,1,1,0,1,1,1,1,0
1,1,1,1,1,1,1,1,1,0,1,1,1,1,0,0,1,1,0,1,1,1,1,1,1
1,1,1,1,1,1,1,1,1,1,1,1,1,1,0,0,1,1,0,1,1,0,1,1,1
1,1,0,1,1,1,1,1,1,1,1,1,1,1,0,1,0,1,1,1,1,1,1,0,1
1,1,0,1,0,1,1,0,0,1,0,0,1,1,0,0,0,0,1,0,1,0,1,1,0
1,1,1,1,0,1,1,1,0,1,0,1,1,1,0,1,0,1,1,1,1,1,1,1,1
1,1,0,1,0,1,1,1,0,1,1,1,1,1,0,0,1,0,1,1,1,0,1,0,0
1,1,1,1,1,1,0,1,0,1,1,1,1,1,1,1,0,1,1,1,1,0,1,0,1
0,0,1,0,0,0,1,1,0,1,1,0,1,0,0,0,1,1,1,0,0,0,1,1,0
1,1,0,1,1,1,1,1,0,0,1,1,1,1,0,1,1,1,1,1,1,1,1,1,1
1,1,0,1,1,1,1,1,0,1,1,1,1,1,0,1,1,1,1,1,1,0,1,1,1
1,1,1,1,1,1,1,1,1,1,1,1,1,1,0,1,1,1,1,1,1,1,1,1,1
0,1,1,1,1,1,1,1,0,0,1,1,1,1,0,0,1,1,1,1,1,0,1,0,1
0,1,1,0,0,0,0,0,0,0,0,0,0,1,0,1,0,0,1,1,1,0,0,0,1
1,1,0,1,1,1,1,1,1,1,1,1,1,1,0,1,1,1,1,0,1,0,0,1,1
0,1,1,1,1,1,1,1,1,1,1,1,1,1,1,1,1,1,1,0,1,0,1,0,1
1,1,0,1,1,1,1,1,1,1,1,1,1,1,0,1,1,1,0,0,1,1,1,1,1
1,1,0,1,1,1,1,1,1,1,1,1,1,1,0,1,1,1,1,1,1,1,1,0,1
1,1,0,1,1,1,1,1,1,1,1,1,1,1,1,1,1,1,1,1,1,1,1,1,1
1,1,0,1,1,1,1,1,1,1,1,1,1,1,0,1,1,1,1,1,1,0,1,0,1
1,1,1,1,1,1,1,1,1,1,1,0,1,1,0,1,0,1,0,1,1,1,1,1,0
1,1,0,1,1,1,1,1,0,1,1,1,1,1,0,1,1,1,1,0,1,0,0,1,1
1,1,0,1,1,1,1,1,1,1,1,1,1,1,1,1,1,1,0,1,1,1,1,1,1
1,0,0,1,0,0,1,1,0,1,1,1,1,1,1,0,1,1,0,1,1,1,1,1,1
1,1,1,1,1,1,1,1,0,1,1,0,1,1,0,1,0,1,1,1,1,0,1,1,1
1,1,1,1,1,0,1,1,1,1,1,1,1,1,1,1,1,1,1,1,1,1,1,1,1
1,1,0,1,0,1,1,1,0,1,0,0,1,0,1,1,1,1,1,1,1,1,1,1,1
1,1,0,1,1,1,1,1,0,1,1,1,1,1,0,1,1,1,1,1,1,0,1,0,0
1,1,0,0,1,1,1,1,1,1,1,1,1,1,0,1,1,1,1,1,1,1,1,1,1
0,1,1,1,0,1,1,1,0,1,1,0,1,0,0,0,1,1,1,0,1,0,1,1,1
1,1,1,1,1,1,1,1,1,1,1,1,1,1,1,1,1,1,1,1,1,1,1,1,1
1,1,1,1,1,1,1,0,1,1,0,1,1,1,0,0,1,1,1,1,0,1,1,1,1
1,1,1,1,0,1,1,1,1,1,1,1,1,1,1,1,1,0,0,1,1,0,1,0,1
1,1,1,1,1,1,0,1,1,1,1,1,0,1,0,1,0,1,0,1,1,1,1,0,1
0,1,0,1,0,1,1,1,1,1,1,0,1,1,0,0,0,1,1,0,1,0,1,1,1
1,0,0,1,1,1,1,1,1,1,1,1,1,1,1,0,0,1,1,0,1,0,0,1,1
1,1,1,1,1,1,1,1,1,1,1,1,1,0,0,1,1,1,1,1,1,1,0,1,1
1,1,1,0,1,1,1,1,1,1,1,1,1,1,0,0,1,1,0,1,1,0,1,1,1
1,1,0,1,1,1,1,1,1,0,1,1,1,0,0,0,1,1,1,1,0,0,1,0,1
1,1,0,1,1,1,1,1,1,1,1,1,1,1,1,1,1,1,1,1,1,0,1,1,1
0,1,1,1,1,1,0,1,0,0,0,0,1,1,0,0,0,1,1,0,1,1,0,1,1
1,1,0,1,0,1,1,1,0,1,1,1,1,1,0,1,1,1,0,1,1,0,0,1,1
1,1,0,1,1,1,1,1,0,1,0,0,1,0,0,1,0,0,1,1,1,1,1,1,1
1,1,0,1,0,1,1,1,1,1,1,1,1,1,0,1,0,0,1,1,0,0,1,1,1
1,1,1,1,1,1,1,1,1,1,1,1,1,1,0,1,0,0,1,1,0,1,1,1,1
1,1,0,0,1,1,1,1,1,1,0,1,1,1,1,1,1,0,1,1,0,1,1,0,0
1,1,0,1,1,1,0,1,1,1,0,1,1,1,0,0,1,1,0,1,1,0,1,0,1
0,1,1,1,0,1,1,0,0,1,1,1,1,1,1,0,0,1,1,1,1,0,1,0,1
1,0,0,1,1,0,1,1,1,1,1,1,0,1,1,1,1,1,0,1,1,1,1,0,1
0,1,0,0,0,1,0,1,0,1,1,0,1,1,0,0,0,1,1,0,0,0,1,0,1
1,1,0,1,0,0,1,1,0,0,0,1,1,1,0,1,0,0,1,1,0,0,0,1,1
1,1,1,1,0,1,1,1,1,1,1,1,1,1,0,1,1,1,1,1,1,0,1,0,1
1,1,1,1,1,1,1,1,1,1,1,1,1,1,0,0,1,1,0,0,0,0,1,1,1
0,1,0,0,0,1,0,0,0,0,1,1,1,1,1,1,1,1,1,0,1,0,1,0,1
0,1,1,1,1,1,1,1,1,1,0,1,1,1,0,1,0,0,0,1,1,0,1,0,1
1,1,0,1,1,1,1,1,0,1,1,1,1,0,0,1,0,1,1,0,1,1,1,1,1
1,1,1,1,1,1,1,1,1,1,1,1,1,1,0,1,1,1,1,1,1,1,0,1,1
1,0,1,1,1,0,1,1,0,1,1,0,1,0,0,1,0,1,1,1,0,1,0,1,0
1,1,0,1,1,1,1,1,1,1,1,1,1,1,0,1,0,1,0,1,1,0,1,0,1
1,1,1,1,1,1,1,1,1,1,0,1,1,1,1,1,1,1,1,1,1,1,1,1,1
0,1,0,1,1,1,1,1,1,0,1,1,1,0,1,0,1,1,1,1,0,0,0,1,0
0,0,0,0,0,1,0,0,0,1,0,0,0,1,0,0,1,1,1,0,0,0,1,0,1
0,0,1,1,0,1,1,1,0,1,0,0,1,0,0,1,0,0,1,0,0,0,0,0,0
1,1,0,1,1,1,1,1,0,1,0,1,1,1,1,1,1,0,1,1,1,1,1,1,0
1,1,1,1,1,0,1,0,1,1,1,0,1,1,0,0,1,0,0,1,1,1,1,1,1
1,1,1,1,1,1,1,1,1,1,1,1,1,1,0,1,1,1,1,1,1,1,1,1,1
0,1,1,1,0,1,0,1,0,0,1,0,1,1,0,0,0,1,1,1,1,1,0,1,1
1,0,1,1,0,1,1,1,0,0,1,1,0,1,0,0,0,1,1,0,1,0,1,1,1
1,1,1,0,0,0,0,1,0,1,0,1,1,0,0,1,0,1,1,0,1,1,0,1,0
1,1,1,0,1,1,1,1,1,1,1,1,1,1,1,1,1,1,1,1,1,0,1,1,1
1,1,0,1,1,1,1,1,0,1,1,1,1,0,0,1,1,1,1,1,1,1,1,1,1
1,1,0,1,1,1,1,1,0,1,0,1,1,0,0,0,1,1,1,0,1,1,1,1,1
1,1,0,1,1,0,1,1,0,1,0,0,1,1,0,0,1,0,1,0,1,1,0,0,0
1,1,0,1,1,0,0,1,0,1,0,0,1,1,0,1,1,1,1,0,1,1,1,0,1
1,1,1,0,0,1,1,1,0,1,1,1,1,0,0,1,1,0,1,1,1,1,1,1,0
1,0,0,1,1,1,1,1,1,1,1,1,0,0,0,0,1,1,1,0,1,0,1,1,1
1,1,0,1,0,0,1,1,1,1,1,1,1,1,0,0,0,1,0,1,1,0,0,1,1
1,1,1,0,0,1,1,1,1,1,1,1,1,1,0,1,1,1,0,0,1,1,1,1,1
0,1,0,1,0,1,1,0,1,1,1,1,1,1,1,1,1,1,1,1,1,1,1,0,1
1,1,0,1,1,1,1,1,0,1,1,1,1,1,0,1,0,1,1,1,1,0,0,0,1
1,1,1,1,1,1,1,1,1,1,1,1,1,1,0,0,1,1,0,1,1,0,1,1,1
1,1,1,0,0,1,1,1,1,0,1,1,1,1,0,1,1,1,1,1,1,1,0,1,1
1,1,1,1,1,1,1,1,1,1,1,1,1,1,1,1,1,1,1,1,1,0,1,1,1
1,1,1,1,1,1,1,1,1,1,1,1,1,1,1,1,1,1,1,1,1,1,1,1,1
0,1,1,1,0,1,0,0,0,1,1,1,1,0,0,0,1,1,1,0,0,0,1,1,1
0,1,0,0,0,1,1,1,1,1,1,0,1,1,0,0,1,1,1,0,1,0,1,1,1
0,1,1,1,1,1,1,1,1,1,1,1,1,0,0,1,1,1,1,1,1,1,1,1,1
1,1,1,1,1,1,1,1,0,1,0,0,0,1,1,1,1,1,1,1,0,0,1,1,0
1,1,0,1,0,1,1,1,0,1,0,1,1,1,0,0,1,1,1,1,1,1,0,1,1
0,1,0,1,1,1,1,0,0,1,1,1,1,1,0,1,1,1,0,1,1,0,1,1,1
1,0,0,1,1,0,1,1,0,1,1,1,1,1,0,1,1,1,1,1,1,0,1,1,0
1,1,0,1,0,1,1,1,1,0,1,0,1,1,0,1,0,1,1,0,0,1,1,1,1
1,1,0,0,1,1,1,1,0,1,1,1,1,0,0,1,1,1,1,1,1,1,1,1,0
1,1,1,0,0,1,0,1,0,0,0,0,1,1,0,1,0,0,1,0,0,0,1,1,1
1,0,1,0,0,1,1,1,0,1,1,1,1,1,0,0,0,1,1,1,1,0,1,1,0
0,1,1,1,1,1,0,1,1,0,1,1,0,0,0,0,0,1,0,1,1,0,0,0,1
1,1,1,1,0,1,1,1,0,1,1,1,1,0,1,0,1,1,1,1,1,1,1,0,1
1,1,1,1,1,1,1,1,1,1,1,1,1,1,0,1,1,1,0,1,1,1,1,1,0
1,0,0,1,1,1,1,1,1,1,1,1,1,1,1,0,1,1,0,0,1,0,1,0,1
0,1,0,1,1,1,1,0,0,1,1,1,1,1,0,0,0,0,0,1,1,1,1,0,1
1,1,1,1,0,1,1,1,1,1,1,1,1,1,1,1,1,0,1,1,1,1,1,1,1
1,1,0,1,0,1,1,1,1,1,1,1,1,1,0,0,1,1,1,0,1,0,1,1,1
1,1,1,1,0,0,1,1,0,0,0,1,0,1,0,1,0,1,1,0,1,1,0,0,0
0,0,1,1,0,1,1,1,1,1,0,1,1,1,1,1,1,1,1,0,1,1,1,1,1
1,0,1,1,1,1,1,1,1,1,0,1,1,1,1,1,1,1,1,0,1,1,1,1,1
1,1,1,1,1,1,1,1,1,1,1,1,1,1,1,1,1,1,1,0,1,0,0,1,1
1,1,1,1,1,1,1,1,1,1,1,1,1,1,0,1,0,1,1,0,1,1,0,1,1
1,1,0,1,0,1,1,1,0,0,1,1,1,1,1,1,1,0,1,1,1,1,0,1,1
0,1,1,1,0,0,1,1,1,1,1,1,1,1,1,0,0,0,0,0,0,0,1,0,1
1,1,1,0,1,1,0,1,0,1,1,1,0,0,1,1,1,1,1,0,0,0,0,1,1
1,1,1,1,1,1,1,1,1,0,0,1,1,1,1,1,1,0,1,0,1,1,1,0,0
1,1,0,1,1,1,1,1,1,0,1,1,1,1,1,1,1,1,0,1,1,0,1,1,0
1,1,0,1,1,0,1,1,1,0,1,1,1,1,1,1,1,1,1,0,1,1,0,1,1
1,1,1,0,1,1,1,1,1,1,1,1,1,1,0,1,0,1,1,0,1,1,0,1,1
1,1,1,1,1,1,1,1,0,0,1,1,1,1,1,1,0,1,1,1,1,1,1,1,1
0,1,1,1,0,1,0,1,1,1,0,0,1,0,1,0,0,1,1,0,1,0,0,0,0
1,1,1,1,1,0,1,1,1,1,1,0,1,1,0,1,1,0,1,1,1,0,0,1,1
1,1,0,1,0,0,1,1,1,0,0,1,1,1,1,1,1,1,1,0,1,0,0,1,1
1,1,0,1,1,0,0,1,1,1,0,0,1,1,1,1,0,1,1,0,0,0,1,1,1
1,1,0,1,1,1,1,1,1,1,1,0,1,0,1,1,1,1,0,1,1,1,1,1,1
1,1,1,1,1,1,1,1,1,0,1,1,1,1,1,1,1,1,1,1,1,1,0,1,1
1,1,0,1,1,1,1,1,1,1,1,0,1,1,0,1,1,1,0,0,1,1,1,1,1
1,1,1,1,1,1,0,1,0,0,0,1,1,1,1,1,1,1,1,0,1,1,0,1,1
0,1,1,1,1,0,1,1,0,0,1,1,1,1,0,0,0,0,0,0,0,1,1,1,1
1,1,1,1,1,1,1,1,0,1,1,1,1,1,1,1,1,1,1,1,1,0,1,1,0
0,0,0,0,0,1,0,1,1,1,0,1,0,1,1,1,0,0,1,0,1,0,0,0,1
1,1,1,1,1,1,1,1,1,1,1,1,0,1,1,1,1,1,1,0,1,1,1,1,1
1,1,0,1,1,1,1,1,1,1,1,0,1,1,1,1,0,1,1,0,1,1,0,1,1
1,1,0,1,1,0,1,1,1,1,1,1,1,1,1,1,0,1,1,0,0,1,0,1,1
1,1,1,1,1,1,1,1,1,1,1,1,1,0,1,1,1,1,1,0,1,0,0,0,1
1,1,1,1,1,1,1,1,0,0,0,1,1,1,0,1,1,1,1,0,1,0,0,1,1
1,1,0,1,1,1,1,1,1,1,1,1,1,1,0,1,1,1,1,0,1,0,1,1,1
1,1,0,1,1,1,1,1,0,1,1,0,1,1,0,0,1,0,0,1,0,0,1,1,1
1,0,1,1,0,1,1,1,0,1,1,0,1,1,1,1,0,0,1,0,0,1,1,1,1
1,1,1,0,1,0,1,1,1,1,0,1,1,1,0,1,1,1,1,0,0,1,1,1,1
1,1,1,1,1,0,1,1,1,0,1,1,1,1,0,1,1,1,1,0,1,1,1,1,0
1,1,0,1,0,1,1,1,1,1,1,1,1,0,0,1,1,1,1,0,1,1,1,1,0
1,1,1,1,1,1,0,1,1,1,1,0,1,1,1,1,1,1,1,1,1,1,0,1,1
1,1,1,1,1,1,1,1,0,1,1,1,1,1,1,1,1,1,1,0,1,0,1,1,1
1,1,0,1,1,0,1,1,1,1,1,1,1,1,1,1,1,1,1,0,1,1,1,1,1
1,1,0,1,1,1,1,1,1,1,1,1,1,1,0,1,0,1,1,0,1,0,1,1,1
1,1,0,1,1,0,1,1,0,1,0,1,1,0,1,1,1,0,1,0,0,1,0,1,1
1,1,1,1,0,1,1,1,1,1,0,1,1,1,0,1,0,1,1,0,1,0,1,1,1
1,1,0,1,1,1,1,1,1,1,1,1,1,1,0,1,1,1,1,1,0,1,1,1,1
1,1,1,1,1,1,1,1,0,0,1,1,1,1,0,1,1,1,1,0,1,1,1,1,1
0,1,1,1,0,1,1,1,0,1,0,0,1,1,1,0,1,1,1,0,1,1,0,0,0
0,1,0,0,1,0,1,1,1,0,0,0,1,1,0,1,0,1,1,0,1,1,1,0,1
1,1,1,1,1,1,1,1,1,1,1,1,1,0,1,1,1,1,1,0,0,1,1,1,0
0,1,1,0,1,1,1,1,1,0,0,1,1,1,0,1,1,0,1,0,1,1,0,1,0
1,1,1,1,1,0,1,1,1,1,1,1,1,1,1,1,1,1,1,1,0,0,1,1,1
1,1,1,1,1,0,1,1,0,0,0,1,1,1,0,1,1,1,1,0,1,0,0,1,1
1,1,1,1,1,1,1,1,1,0,1,1,1,1,1,1,1,0,1,0,1,1,0,1,1
1,1,1,0,1,1,1,1,1,1,0,1,1,1,1,1,1,1,1,0,1,1,0,1,1
1,1,1,0,1,1,1,1,0,0,0,1,1,1,1,1,0,1,1,0,0,1,1,1,1
1,1,0,1,1,1,1,1,1,1,0,1,1,1,1,1,1,1,1,1,1,1,1,1,1
1,1,1,1,1,0,1,1,0,1,0,1,1,1,1,1,1,1,1,0,1,1,0,1,0
1,1,0,1,1,1,1,1,1,1,0,1,1,1,1,1,1,1,1,1,1,0,1,1,1
1,1,1,0,0,0,1,1,0,1,1,1,1,1,1,1,0,0,1,0,0,1,0,1,1
1,0,1,1,1,0,1,1,0,1,0,1,1,1,1,1,0,1,1,0,1,1,0,1,1
1,0,1,0,1,1,1,1,0,1,1,1,1,1,0,0,0,0,1,0,1,1,0,1,1
0,0,0,1,0,1,0,0,1,1,0,0,1,0,0,0,0,1,1,1,0,0,0,0,0
1,1,1,1,1,1,1,1,1,1,0,1,1,1,1,1,1,1,1,0,1,0,1,1,1
1,1,0,1,1,1,1,1,1,1,0,1,1,1,1,1,1,1,1,0,1,1,1,1,1
1,1,0,0,0,1,0,1,0,1,1,1,1,1,1,1,1,1,1,0,1,0,1,1,0
1,0,0,1,1,1,1,1,1,1,1,1,1,1,1,1,1,1,0,1,1,0,1,1,1
1,1,0,1,1,1,1,1,1,1,0,1,1,1,1,1,0,1,0,0,0,1,0,1,1
1,1,0,1,1,0,1,1,1,0,1,1,1,1,0,0,0,0,1,0,1,1,0,1,0
1,1,1,1,1,0,1,1,1,0,0,1,1,1,1,0,0,1,1,0,1,1,0,0,1
1,0,0,1,0,1,1,1,1,1,1,1,1,1,0,0,1,1,1,1,1,1,0,0,1
1,1,1,1,1,0,1,1,0,0,0,0,1,0,1,1,0,1,1,0,0,1,0,0,0
1,1,1,1,0,1,1,1,1,1,1,1,1,1,1,1,1,1,1,1,1,0,1,1,1
1,1,0,1,1,1,1,1,1,1,0,1,1,1,1,1,0,1,1,0,1,1,1,1,1
1,1,1,1,1,1,0,1,1,1,1,0,1,1,1,1,1,1,1,1,1,1,0,1,1
1,1,0,1,0,0,1,1,1,1,1,1,1,1,1,0,1,1,1,1,1,0,1,0,1
0,1,0,1,0,0,0,1,1,1,0,1,1,1,1,1,0,1,0,0,1,1,0,1,1
1,1,1,1,1,0,1,1,1,1,1,1,1,0,1,1,0,1,1,0,0,1,0,1,1
1,1,1,1,1,1,1,1,1,1,0,1,1,1,1,1,1,1,1,1,1,1,1,1,1
0,0,0,0,1,1,1,1,0,0,0,0,1,1,1,0,0,1,1,0,1,1,0,0,1
1,1,0,1,1,1,1,1,1,0,0,1,1,1,0,1,1,1,1,1,1,0,0,1,1
0,1,1,1,1,0,1,1,1,1,0,0,1,1,0,1,1,0,1,1,0,1,0,1,1
1,1,1,1,1,1,1,1,0,1,1,0,1,1,1,1,1,1,1,1,1,1,1,1,1
1,1,0,1,1,1,1,1,0,1,0,1,1,1,1,1,1,1,1,0,1,0,0,1,1
1,1,1,0,0,1,1,1,1,1,1,1,1,1,1,1,1,0,1,1,1,1,1,1,1
1,1,1,1,0,1,1,1,0,0,1,0,1,1,1,1,1,1,1,1,1,1,1,1,1
1,1,1,0,1,1,1,1,0,1,1,0,1,1,1,0,1,1,1,0,1,1,0,1,1
0,1,0,0,1,0,1,1,0,1,0,1,1,1,1,1,1,0,1,0,0,0,1,1,1
1,1,1,1,1,1,1,1,1,1,0,1,1,0,1,1,1,0,0,0,1,1,1,1,1
1,1,0,1,1,1,1,1,0,1,1,1,1,1,0,1,1,1,1,0,1,1,0,1,1
1,1,0,1,1,1,1,1,1,1,1,1,0,1,1,1,0,1,1,0,1,1,1,1,1
1,1,1,1,1,1,1,1,1,0,0,1,1,1,1,1,1,1,1,1,1,1,0,1,1
1,1,1,1,1,1,1,1,1,1,1,1,1,1,1,1,1,1,1,1,1,1,1,1,1
1,1,1,0,1,0,1,1,0,1,1,1,1,1,0,0,0,0,1,0,1,1,1,1,0
1,1,0,1,1,0,1,1,1,0,1,1,1,1,1,1,1,1,1,1,1,1,1,1,0
1,0,0,1,1,0,0,0,1,0,1,1,0,1,0,1,0,1,1,0,1,0,1,0,0
0,1,1,1,0,0,1,1,1,0,0,1,1,0,1,1,1,1,1,0,1,0,1,1,1
1,1,0,1,1,1,1,1,0,0,1,1,1,1,1,1,1,1,1,0,1,1,0,1,1
1,1,1,1,1,1,1,1,1,0,1,1,1,0,0,1,1,0,1,1,0,0,0,1,1
1,0,0,1,1,1,1,1,1,0,0,0,1,0,1,1,1,1,1,0,1,1,0,1,1
1,1,1,1,1,1,1,1,1,0,1,1,1,1,1,1,1,1,1,1,1,1,1,1,1
1,1,0,1,1,0,1,1,1,1,1,1,1,1,1,1,1,1,1,1,1,0,1,1,0
1,1,0,0,1,0,1,1,1,1,1,1,1,1,1,1,1,1,1,0,0,1,0,1,1
1,1,1,1,1,0,1,1,1,1,1,1,1,1,0,1,1,1,1,0,1,1,1,1,1
0,0,0,1,1,0,1,1,1,1,0,1,1,1,1,1,1,0,1,0,1,0,0,1,0
1,1,1,1,1,0,1,1,1,0,0,1,1,1,1,1,1,1,0,1,1,1,1,1,1
0,1,0,1,0,0,0,0,0,1,0,1,1,1,0,1,1,1,0,0,1,1,0,0,1
1,1,1,1,1,1,1,1,1,1,1,1,1,1,1,1,1,1,0,1,1,1,1,1,1
0,1,0,0,0,0,0,1,0,1,0,1,1,0,1,0,0,1,1,0,0,0,1,0,1
0,0,0,1,1,1,1,1,1,1,0,0,1,1,0,1,0,1,1,0,0,1,0,0,0
0,1,0,1,0,0,0,1,0,0,1,1,1,1,1,1,0,0,1,0,0,1,0,1,1
1,1,0,1,1,1,1,1,1,1,1,1,1,1,1,1,1,1,1,1,1,1,1,1,0
1,1,1,1,0,1,1,1,0,1,1,1,1,1,1,1,1,1,1,1,1,0,1,1,1
0,0,0,0,0,0,1,1,0,0,0,0,1,1,0,1,0,0,1,0,0,0,0,1,1
1,1,1,1,1,1,1,1,0,1,1,0,1,1,1,1,0,1,1,0,1,1,0,1,1
1,1,0,1,1,1,1,1,1,1,0,1,1,1,1,1,1,0,1,0,1,0,1,1,1
1,1,1,1,1,1,1,1,1,1,1,0,1,1,1,1,1,1,1,0,0,1,0,1,0
1,1,1,1,1,1,1,1,0,1,1,1,1,1,1,1,1,1,1,1,1,1,1,1,1
1,1,0,1,1,1,1,0,1,0,1,1,1,1,1,1,0,1,1,1,0,0,1,1,1
1,1,0,1,1,1,1,1,1,1,1,1,1,1,1,1,1,1,1,1,1,0,1,1,1
1,1,1,1,0,1,0,1,0,0,1,1,1,1,1,1,0,1,1,0,0,0,1,0,1
1,1,1,1,1,1,1,1,0,0,1,0,0,1,1,1,0,1,1,0,1,1,1,1,1
1,1,0,0,0,1,0,1,0,1,1,1,1,1,1,1,0,0,1,0,0,0,1,0,0
1,1,0,1,1,1,1,1,1,1,1,1,1,1,1,1,1,0,1,1,0,1,1,1,1
0,1,0,1,0,1,1,1,1,1,1,1,1,0,1,1,1,1,1,1,1,1,1,1,1
1,1,0,0,0,1,1,1,0,1,1,1,1,1,1,1,0,1,1,1,1,0,1,1,1
0,1,0,0,1,1,1,1,0,1,0,0,0,0,0,1,0,1,0,0,0,0,0,1,0
1,1,1,1,0,0,1,0,0,0,0,0,0,1,0,0,1,0,1,0,0,1,0,0,0
1,1,1,1,1,1,0,1,0,1,0,1,1,1,1,1,1,1,0,1,0,1,1,1,0
1,1,0,1,1,1,0,1,1,1,1,1,1,1,1,1,0,1,0,1,0,1,1,1,1
1,1,1,1,1,1,1,1,1,1,1,1,1,1,1,1,1,1,1,1,1,1,1,1,1
1,1,1,0,0,1,0,0,0,0,1,0,1,0,0,1,0,0,1,1,0,0,0,0,0
1,1,0,1,1,1,1,1,1,1,1,1,1,1,1,1,1,1,1,1,0,1,1,1,1
1,1,0,1,0,1,1,0,0,1,1,1,1,1,0,1,0,1,0,0,0,1,1,0,1
1,0,1,0,0,0,1,0,0,1,0,1,1,1,0,1,0,0,0,0,0,0,0,0,0
0,1,1,1,0,0,1,1,0,1,1,1,1,1,0,0,0,1,1,0,1,1,1,0,1
1,1,0,0,1,1,1,1,0,1,1,1,1,1,1,1,0,1,0,1,0,1,1,0,0
1,1,0,1,0,1,1,1,1,1,1,0,1,1,1,1,1,1,1,1,1,1,1,1,1
0,0,0,0,0,1,1,1,0,1,0,1,0,1,0,1,0,0,1,0,1,1,0,0,0
0,1,1,1,1,0,1,1,0,1,1,1,1,1,0,1,1,1,1,0,1,0,1,0,1
1,1,1,1,1,1,1,1,1,0,1,1,1,1,1,1,0,0,1,1,1,1,1,0,1
1,1,1,1,1,1,1,1,1,1,1,1,1,1,1,1,1,1,0,1,1,1,1,1,1
0,1,0,0,0,1,1,1,0,1,1,1,1,0,1,1,1,1,1,0,0,1,0,0,1
0,1,0,1,0,1,1,1,0,0,1,0,1,0,1,1,0,0,1,0,1,1,1,1,0
1,1,1,1,0,1,1,1,1,1,1,1,1,1,1,1,1,1,1,1,1,0,1,1,1
1,1,1,1,1,1,1,1,1,1,1,1,1,1,1,1,1,1,1,0,1,1,1,1,1
1,1,0,1,1,1,1,1,0,1,1,1,1,1,0,1,0,1,1,1,0,1,1,1,0
1,1,0,1,1,1,1,1,1,1,1,1,1,1,1,1,1,1,1,1,1,1,1,1,1
0,1,0,1,1,1,1,1,0,1,1,1,1,1,1,1,0,1,1,0,1,0,1,1,1
1,1,1,1,1,1,1,1,1,1,1,0,1,1,1,1,1,1,1,0,1,1,0,1,1
1,1,1,1,1,1,1,1,0,1,1,1,1,1,1,1,1,0,1,0,0,1,1,1,0
1,1,1,1,1,1,1,1,1,1,1,0,1,1,1,1,1,1,1,1,1,1,1,1,1
1,1,1,1,1,1,1,1,1,1,1,1,1,1,1,1,0,1,1,1,1,1,1,1,1
1,1,0,1,1,1,1,1,1,1,1,1,1,1,1,1,0,1,1,1,1,1,1,1,1
0,0,1,1,0,0,1,1,0,0,1,1,1,1,1,0,1,0,1,0,0,0,1,1,0
1,1,0,1,0,0,1,1,0,0,1,0,1,0,0,1,1,0,1,0,0,1,0,0,0
1,1,1,1,0,1,0,1,0,0,1,0,1,1,0,1,0,0,1,1,1,1,1,0,1
1,1,0,1,1,1,1,1,1,1,1,1,1,1,1,1,1,1,0,0,0,1,1,1,1
0,1,0,1,1,1,1,1,0,1,1,0,1,0,1,1,0,1,0,1,1,1,1,0,0
1,1,1,1,1,1,1,1,1,1,1,0,1,0,1,1,0,1,1,1,1,1,1,1,0
1,1,1,1,1,1,0,1,1,1,1,1,1,1,0,1,0,1,1,0,1,1,1,1,1
0,1,1,1,1,1,1,1,1,0,1,1,1,1,1,0,1,1,1,1,0,1,0,0,1
1,1,1,1,1,1,1,1,1,1,1,1,1,1,0,1,0,1,1,0,1,1,1,1,1
1,0,1,1,1,0,1,1,0,1,1,1,1,0,0,1,1,1,1,0,1,1,0,1,1
1,1,0,1,1,1,1,1,0,1,0,1,1,1,1,1,0,1,1,0,1,1,1,1,1
1,0,1,1,1,1,0,1,0,0,1,0,1,1,1,0,0,1,1,0,1,0,1,1,0
1,1,1,1,1,1,1,1,1,1,0,1,1,1,1,1,0,1,1,1,0,1,1,1,1
1,0,1,1,1,1,1,1,0,1,1,1,1,0,0,1,1,0,0,0,0,1,1,0,0
1,1,1,1,1,1,0,1,1,1,0,1,1,1,1,1,1,0,1,1,1,1,0,1,1
1,1,1,0,1,1,1,1,1,1,1,1,1,1,1,1,1,1,1,0,1,1,1,1,1
1,1,1,1,1,1,1,1,1,1,1,1,1,1,0,1,1,1,1,1,1,1,1,1,1
1,1,0,1,1,1,1,1,0,1,1,1,1,0,1,1,0,1,1,1,1,1,1,0,1
1,1,1,1,1,1,1,1,1,0,1,1,1,0,0,1,0,1,1,0,1,1,1,1,1
1,1,1,1,1,1,1,1,1,1,1,1,1,1,1,1,0,1,0,1,1,1,1,1,1
1,1,1,1,0,1,1,1,1,1,1,1,1,1,1,1,1,1,1,1,0,0,1,1,1
1,1,1,0,1,1,1,1,0,0,1,1,1,1,1,1,0,1,1,1,1,1,1,0,0
1,1,1,1,1,1,1,1,1,1,1,1,1,1,1,1,0,0,0,0,1,1,1,1,1
1,1,1,1,1,1,1,1,0,1,1,0,1,1,1,1,0,1,1,1,1,1,1,1,1
1,1,1,1,1,1,1,1,1,1,1,1,1,1,0,1,1,1,1,0,1,1,1,1,1
1,1,0,1,1,1,1,1,0,1,0,0,1,1,1,1,1,0,1,1,1,1,1,1,1
1,1,0,1,1,1,1,1,1,1,1,1,1,1,1,1,1,1,1,1,1,1,1,1,1
1,1,0,1,1,1,1,1,1,1,1,1,1,1,1,1,1,1,1,1,1,1,1,1,1
0,0,1,1,1,0,0,1,0,1,0,0,1,1,0,1,0,0,1,0,0,1,1,0,0
1,1,0,1,0,1,1,1,0,0,0,1,1,1,1,1,1,1,1,0,1,1,1,0,0
0,1,0,0,0,0,0,1,0,1,1,0,1,0,1,0,0,0,0,0,0,1,1,0,1
1,1,1,1,1,0,1,1,1,1,1,1,1,1,1,1,0,1,1,1,0,0,1,0,1
1,1,0,1,1,1,1,1,0,1,1,1,0,1,1,1,0,0,1,0,0,1,1,1,1
1,1,0,0,1,1,1,1,1,1,1,0,1,1,1,1,1,1,1,1,1,1,1,0,1
0,0,0,1,1,1,0,1,1,1,1,0,1,1,1,0,0,1,1,1,0,0,1,0,1
1,1,0,1,0,0,0,1,0,1,0,0,1,0,0,1,1,0,1,0,1,1,1,0,0
1,1,0,0,1,1,1,1,1,1,1,1,0,1,0,1,0,1,1,1,1,1,1,0,1
1,1,1,1,1,1,0,1,0,1,1,1,1,1,1,1,0,1,1,1,0,0,0,1,1
1,1,1,1,1,1,1,1,1,1,1,1,1,1,1,1,1,0,1,0,0,1,1,1,1
0,1,1,1,1,1,0,1,1,1,0,1,0,1,1,1,1,1,0,1,1,1,1,0,0
1,1,1,1,1,1,0,1,1,1,0,1,1,1,1,1,0,1,1,1,1,1,1,0,1
1,1,1,1,1,1,1,1,1,0,1,0,1,1,1,1,0,1,1,1,1,1,1,1,0
1,1,1,0,1,1,1,1,1,1,1,0,1,1,0,1,1,1,1,0,0,1,1,0,1
0,1,0,1,1,1,1,1,1,1,1,1,1,1,1,1,0,1,1,0,0,0,1,1,1
1,1,0,1,0,1,1,1,1,1,1,1,1,0,1,1,0,1,0,1,1,1,1,1,0
1,1,1,0,0,1,0,1,0,1,1,1,1,1,1,1,0,0,0,0,0,1,1,0,0
1,1,1,1,1,1,1,1,1,1,1,1,1,1,1,1,1,1,1,0,0,1,1,1,1
1,1,1,1,0,1,0,1,0,0,1,1,0,1,0,1,0,0,1,0,0,0,1,0,0
0,1,0,0,0,1,1,1,0,1,1,1,1,1,0,1,1,1,1,0,0,0,1,0,0
1,1,0,1,1,1,1,1,0,1,1,1,1,0,1,1,1,1,1,1,1,1,1,1,1
1,0,1,1,0,1,1,1,0,0,1,0,1,1,0,0,0,1,1,0,0,1,1,1,0
1,1,0,0,1,1,1,1,1,1,1,1,1,1,1,1,1,1,0,0,1,1,1,1,1
1,1,0,1,1,1,1,1,1,1,1,1,1,1,1,1,1,1,1,1,0,1,1,1,1
1,1,0,1,1,1,1,1,1,0,1,0,1,1,1,1,0,1,1,0,1,1,1,1,1
1,1,1,1,1,1,1,1,1,1,1,0,1,1,1,1,1,1,1,0,1,1,1,0,1
1,1,0,1,1,1,1,1,1,1,1,1,0,1,1,1,0,1,1,1,1,1,1,0,1
1,1,0,1,1,1,1,1,1,0,1,0,1,1,1,1,0,1,1,1,0,1,1,0,1
1,1,0,0,0,1,0,1,0,0,1,0,1,1,0,1,0,0,0,0,1,0,0,0,1
1,1,0,1,1,1,1,1,0,1,1,1,1,1,1,1,1,1,1,1,0,1,1,1,1
0,0,1,0,1,1,1,1,0,1,1,1,0,0,1,1,1,1,1,0,1,1,0,0,0
1,1,0,1,1,1,1,1,1,1,0,1,1,1,1,1,1,1,1,1,0,1,1,0,1
1,1,1,1,1,1,1,1,0,0,1,1,1,1,1,1,0,1,1,1,1,1,1,1,0
1,1,1,1,1,0,0,0,1,1,1,0,1,0,1,1,1,1,1,0,0,0,1,1,0
1,1,1,1,0,1,1,1,1,0,1,1,1,1,0,1,1,0,1,0,0,1,0,1,1
1,1,0,1,1,0,1,1,1,1,1,1,1,1,1,1,0,1,1,1,1,0,0,1,1
1,1,1,0,1,0,1,1,1,1,1,1,1,1,1,1,1,1,1,1,0,0,0,0,1
0,1,0,1,0,0,0,1,0,0,1,1,1,0,1,1,1,1,1,0,0,0,1,0,0
1,1,1,1,0,0,0,0,0,0,1,0,1,0,1,1,0,0,1,1,1,0,0,0,0
1,1,1,1,1,1,1,1,1,1,1,0,1,1,1,1,1,1,1,1,1,1,1,1,1
1,1,0,1,1,1,1,1,1,0,1,1,1,1,1,1,0,1,1,1,1,0,0,1,1
1,1,0,1,1,1,1,1,1,1,1,1,1,0,1,1,1,1,1,1,1,1,1,1,1
1,1,0,0,0,1,1,1,0,0,0,1,1,1,1,1,0,1,1,0,0,1,1,0,1
1,1,1,1,1,1,1,1,1,0,0,1,1,1,1,1,1,1,1,1,1,1,1,1,1
1,1,0,1,1,1,1,1,1,1,1,1,1,1,1,1,1,1,0,1,1,1,1,1,1
1,1,0,1,1,1,1,1,1,1,1,1,1,1,0,1,1,1,1,1,1,1,1,1,1
1,1,1,1,1,1,1,1,1,1,1,1,1,1,1,1,0,1,1,1,1,1,1,1,0
1,1,0,0,0,1,1,1,0,1,0,0,1,0,1,1,0,1,1,0,0,1,1,0,0
1,1,0,1,1,0,1,1,1,0,1,1,1,1,1,1,0,0,1,0,1,0,0,1,1
0,1,0,0,0,1,1,1,1,1,1,1,1,0,1,1,0,0,1,0,0,0,1,1,0
1,0,0,0,0,0,1,1,0,0,0,1,1,1,1,0,0,0,0,0,1,0,0,0,1
1,1,1,0,0,0,0,1,0,0,0,0,1,0,0,0,1,1,1,0,0,0,0,0,0
1,1,0,1,1,0,1,1,0,0,1,0,1,0,1,0,1,1,0,0,0,1,0,1,0
1,1,1,1,1,1,1,1,1,1,1,1,1,1,1,1,1,1,1,1,0,1,1,0,0
1,1,0,1,1,1,1,1,1,0,0,1,1,0,1,1,1,1,1,0,1,1,0,1,1
1,1,1,1,0,1,1,1,0,1,1,1,1,0,1,1,1,0,1,0,0,1,1,1,1
1,1,1,1,0,1,1,1,1,0,1,0,1,0,1,0,0,0,1,0,0,1,1,1,1
1,1,1,1,1,0,1,1,0,1,1,1,0,1,0,1,1,0,1,0,0,0,1,0,1
1,1,1,1,0,1,1,1,0,1,1,1,1,1,0,1,1,1,1,0,1,1,1,0,1
1,1,0,1,0,1,1,1,1,0,1,1,1,1,1,1,1,0,1,0,0,1,1,0,1
1,1,1,1,0,0,0,1,1,1,1,1,1,1,1,1,1,1,1,1,1,1,1,1,1
0,1,0,1,0,1,0,1,0,1,0,0,1,1,1,0,1,0,1,0,1,1,1,0,0
1,1,1,1,1,1,1,1,0,1,1,0,1,0,1,1,1,0,1,1,1,1,1,0,1
1,1,0,1,1,1,0,1,1,1,1,1,1,0,1,1,1,1,1,0,0,0,1,1,1
1,1,1,1,1,1,1,1,1,1,1,1,1,1,1,1,1,1,1,0,1,1,1,1,1
1,1,0,1,1,1,1,1,0,0,1,1,1,1,0,1,1,1,0,1,1,1,1,0,1
0,1,0,1,0,1,0,1,0,1,1,1,1,1,1,1,1,1,1,1,0,0,0,0,0
1,1,0,1,1,1,1,1,1,1,0,0,1,1,1,1,1,1,1,1,1,1,1,1,1
1,1,0,1,1,1,1,1,0,1,1,1,1,1,0,1,1,1,1,1,1,1,1,1,1
0,1,1,1,1,1,0,1,1,1,1,1,1,1,1,1,1,0,1,0,1,0,0,1,1
1,1,0,1,1,1,1,1,1,0,1,1,1,1,1,1,1,1,1,1,1,1,1,1,1
1,1,0,1,0,1,1,1,1,1,0,1,1,1,1,1,0,1,1,1,1,1,1,1,1
0,1,1,0,1,1,1,1,1,1,1,1,1,0,1,0,1,0,1,0,1,0,1,0,0
1,1,1,1,1,1,1,1,1,1,1,1,1,1,0,1,1,1,1,1,1,1,1,1,1
1,1,0,1,1,1,1,1,0,1,1,0,1,1,1,1,0,1,1,0,1,1,1,0,0
1,0,0,1,1,1,1,1,1,0,0,1,1,0,1,1,0,1,1,0,1,0,1,0,0
1,1,0,1,1,1,0,1,1,1,1,1,1,1,1,1,1,1,1,0,1,1,1,1,0
1,1,0,1,1,1,1,1,1,1,1,1,1,1,1,1,0,1,1,1,1,1,1,0,1
1,1,0,1,1,1,1,1,1,1,0,1,1,0,1,1,1,1,1,0,1,1,1,1,1
0,1,1,1,0,1,1,1,0,1,1,1,1,1,1,1,1,1,0,1,1,0,0,0,0
1,1,1,1,1,1,1,1,1,1,1,1,1,1,1,1,1,1,1,1,1,1,1,1,1
1,1,1,1,0,1,0,1,0,1,1,1,0,0,1,1,1,1,1,1,1,1,1,0,1
1,0,0,1,1,1,1,1,0,0,1,1,1,1,1,1,0,1,1,0,1,0,0,0,1
1,1,1,1,1,1,1,1,0,1,1,0,1,1,1,1,1,1,1,1,1,1,1,1,1
1,1,1,1,1,1,1,1,1,1,1,1,1,1,1,1,1,1,1,1,1,0,1,1,1
0,1,0,1,0,1,1,1,0,1,1,1,1,0,0,1,1,1,1,0,1,0,1,0,1
1,1,1,1,1,1,1,1,0,1,1,1,0,0,1,1,1,1,1,1,1,1,1,0,0
1,1,0,0,0,1,0,1,0,1,1,1,1,0,1,1,0,1,0,0,1,1,1,1,1
1,1,0,0,1,1,0,1,0,1,1,0,1,0,1,1,1,1,0,0,1,0,1,0,0
1,1,0,1,1,1,1,1,1,1,1,1,1,0,1,1,1,1,1,1,1,1,1,1,1
1,1,0,1,1,1,1,1,0,0,1,1,1,0,1,0,1,1,0,1,1,1,1,0,0
0,0,1,1,1,1,1,1,0,1,1,1,1,1,0,1,0,1,1,0,0,1,0,0,0
0,1,0,1,0,1,1,1,1,0,1,1,0,0,0,1,0,1,1,0,0,0,1,1,0
1,1,1,0,0,1,0,1,0,1,1,0,1,1,0,1,0,0,1,0,0,0,1,1,0
1,0,1,1,0,1,0,1,0,0,0,1,1,1,1,1,1,0,1,1,0,1,1,0,1
0,1,0,1,0,1,0,1,1,1,1,1,1,0,0,1,1,0,0,0,1,1,1,0,1
0,1,1,0,0,1,0,1,1,1,1,0,1,0,0,1,1,0,1,1,1,0,1,0,0
0,1,0,1,1,1,1,0,0,0,0,1,1,1,1,0,0,0,1,0,1,0,1,1,0
1,1,0,1,0,1,1,1,0,1,1,1,1,1,1,1,0,1,1,1,1,0,1,0,1
1,1,1,1,1,1,1,1,1,1,1,1,1,1,1,1,1,1,1,1,1,1,1,1,1
1,1,0,0,1,1,1,1,1,1,0,1,1,1,1,1,1,1,0,1,1,0,1,1,1
1,1,1,1,1,1,1,1,0,1,1,0,1,1,1,1,0,0,1,0,0,0,0,1,0
0,0,0,1,1,1,1,1,0,1,1,1,1,0,1,1,0,1,1,0,0,1,1,1,0
1,1,1,1,1,1,1,1,0,1,1,1,1,1,1,1,1,1,1,1,1,1,1,1,1
1,1,1,1,0,1,1,1,1,1,1,0,1,1,1,1,0,1,1,0,0,1,1,1,0
0,1,0,1,0,1,1,1,0,0,1,0,1,1,1,1,0,1,1,0,1,1,1,1,1
1,1,1,1,1,0,1,1,0,1,1,1,1,1,0,1,1,1,1,1,0,1,1,1,0
1,1,0,1,0,1,1,1,1,1,0,0,1,1,0,1,1,0,1,0,0,1,1,1,1
0,1,1,1,1,1,1,1,1,1,1,0,0,0,1,1,0,1,1,1,0,0,1,1,1
1,1,1,1,1,1,1,1,1,1,1,1,1,1,1,1,0,0,1,0,1,1,1,1,1
1,1,1,0,1,0,0,1,0,1,1,1,1,1,1,1,1,1,1,1,0,1,1,0,0
1,0,1,1,1,1,1,1,0,1,1,1,0,1,0,1,1,1,0,0,0,1,1,0,0
1,1,0,1,1,1,1,1,1,0,1,1,1,1,1,1,1,1,1,0,1,1,0,1,1
0,1,1,1,1,0,1,1,1,0,0,1,1,0,1,1,0,0,1,1,0,0,1,1,0
0,1,1,0,0,0,1,1,0,1,0,0,1,1,0,1,0,1,1,0,0,1,0,1,1
1,1,1,1,1,1,1,1,1,1,1,1,1,1,1,1,1,1,1,1,0,1,1,1,1
1,1,1,1,1,0,1,1,1,1,0,1,1,1,1,1,1,1,1,1,0,0,1,1,1
1,1,0,1,1,1,1,1,1,0,1,1,1,1,1,1,1,1,1,1,1,1,1,1,1
0,1,0,1,1,1,1,1,0,1,1,0,1,0,1,1,0,1,0,1,1,1,1,0,0
1,1,1,1,1,1,1,1,1,1,1,1,1,0,1,1,1,1,1,1,1,1,1,1,1
1,1,0,1,0,1,1,1,0,0,1,1,1,1,1,1,0,1,1,0,0,0,1,1,1
1,0,1,1,1,1,1,1,1,1,1,0,1,1,0,1,1,1,0,0,1,1,1,1,1
1,1,1,1,1,1,0,1,1,1,1,0,1,0,1,1,1,1,1,0,0,0,0,0,1
1,1,1,1,1,1,1,1,0,1,1,1,1,1,1,1,1,1,0,0,1,1,1,1,1
1,1,0,1,0,1,1,1,0,1,0,0,1,1,0,1,1,0,1,0,1,1,0,1,1
1,1,1,1,1,1,1,0,1,1,1,1,1,1,1,1,1,1,1,1,1,1,1,1,1
0,1,0,0,0,1,0,0,0,1,1,1,1,1,0,1,1,1,1,1,0,0,1,1,1
1,1,1,1,1,1,1,1,1,1,0,1,1,0,0,1,1,1,1,1,1,1,1,1,1
1,1,1,1,1,1,1,1,1,1,1,0,1,1,1,1,1,1,1,0,1,1,1,1,1
1,1,0,1,1,0,1,1,0,1,1,1,1,1,1,1,0,1,1,1,1,1,1,1,1
1,1,0,1,1,1,1,1,0,1,1,0,0,1,1,1,0,0,1,0,1,1,0,1,1
1,0,1,1,1,1,1,1,1,1,1,1,1,1,1,1,1,1,0,0,1,1,1,1,1
0,1,0,1,1,1,0,1,0,1,0,0,1,0,1,1,0,0,1,0,1,1,1,0,0
1,1,1,1,0,1,1,1,0,1,1,0,1,1,1,1,0,1,0,0,1,1,1,0,1
1,1,1,1,0,1,1,1,0,1,1,0,1,0,1,1,1,1,1,0,0,1,1,1,0
1,1,0,1,1,1,1,1,1,1,1,1,1,1,1,1,0,1,1,1,0,1,1,0,1
1,1,0,0,0,1,0,1,1,1,0,1,1,1,0,1,1,1,1,0,1,1,1,1,0
0,1,0,1,1,1,0,1,1,1,1,1,1,1,1,1,1,1,1,0,0,1,1,1,1
0,1,0,1,1,1,0,1,0,0,1,1,0,0,1,0,0,0,1,1,0,1,0,0,1
1,1,1,1,0,1,1,1,1,1,1,1,1,1,1,0,0,0,1,1,0,0,0,1,1
1,1,0,1,1,1,1,1,1,1,0,1,1,1,0,1,1,1,1,1,1,1,1,1,1
1,1,1,1,1,1,1,1,1,1,1,1,1,1,1,1,1,1,1,1,1,1,1,1,1
0,1,0,0,0,1,0,0,0,1,0,0,0,1,0,1,0,1,1,0,0,0,1,0,0
1,1,1,1,1,0,1,1,1,0,1,0,1,1,0,1,1,0,1,0,0,1,0,0,1
0,0,1,1,0,1,0,1,1,1,1,0,0,0,0,1,0,0,1,1,1,1,1,1,0
1,1,1,1,1,1,1,1,1,0,1,1,1,1,1,1,1,1,1,1,0,1,1,1,1
1,1,1,1,1,1,1,1,0,1,1,1,1,1,1,1,1,1,1,1,1,0,0,1,1
1,1,1,1,1,1,1,1,1,1,1,1,0,1,1,1,0,1,1,0,0,1,1,0,0
1,1,1,1,1,1,1,1,1,1,1,1,1,1,1,1,1,0,1,1,0,1,1,1,1
0,1,0,1,1,1,1,0,1,1,0,0,1,1,1,1,0,0,1,1,0,1,1,0,1
1,1,1,1,1,1,0,1,1,1,1,1,1,1,0,1,1,1,1,1,1,1,0,0,1
1,1,0,1,1,1,1,1,1,1,1,1,1,1,1,1,1,1,1,1,1,1,1,1,1
1,1,1,1,1,1,1,1,1,1,1,0,1,0,1,1,1,1,1,1,0,1,1,1,0
1,1,0,1,1,1,0,1,1,0,0,1,1,0,1,1,0,1,1,1,0,1,1,0,1
1,0,0,1,1,0,0,0,1,0,0,1,1,1,1,1,0,1,1,0,0,0,0,0,0
0,1,1,1,1,1,0,1,1,1,1,0,1,1,1,0,0,1,1,1,1,1,1,1,1
0,1,1,1,1,0,1,1,1,1,1,0,1,1,0,1,1,0,1,1,1,1,1,1,0
1,1,0,1,1,1,1,1,0,1,1,1,1,1,1,1,1,1,1,1,1,1,1,0,1
0,1,1,1,1,1,1,1,0,0,0,0,1,0,1,0,1,1,1,0,1,1,0,1,1
1,1,1,1,0,1,1,1,1,1,1,1,1,0,1,1,0,1,1,1,0,1,1,0,1
1,1,1,1,1,0,1,1,1,1,1,1,1,1,1,1,0,0,0,1,1,0,1,0,1
1,1,1,1,1,1,1,1,1,1,1,1,1,1,1,1,1,0,1,1,1,1,0,0,1
1,1,1,1,1,1,1,1,1,1,1,0,1,1,1,1,1,0,0,0,1,1,1,1,1
1,1,0,1,0,1,1,1,1,1,1,0,1,1,0,1,0,1,1,1,0,1,1,1,1
1,1,0,1,1,1,1,1,1,1,1,1,1,1,1,1,1,1,1,1,1,1,1,1,1
1,0,1,1,1,1,1,1,1,0,1,1,1,1,0,1,1,1,1,0,1,1,0,0,1
1,1,0,1,1,1,1,1,0,1,1,1,1,0,0,0,0,1,1,0,0,0,0,0,1
1,1,0,1,1,1,1,1,1,1,1,1,1,1,1,1,1,0,1,1,1,1,1,0,1
1,1,1,0,1,1,0,1,1,1,0,1,1,1,1,1,0,1,1,0,1,1,1,1,1
1,1,0,1,1,1,1,1,0,1,1,1,1,0,1,1,1,1,1,1,1,1,0,0,1
1,1,0,1,1,1,1,0,1,0,1,1,1,0,1,1,1,1,1,0,0,1,0,0,0
1,1,1,1,1,1,1,1,1,1,1,1,1,1,1,1,1,1,1,1,1,1,1,1,0
0,1,0,1,0,1,1,1,1,1,1,1,0,0,1,1,1,1,1,0,1,0,1,0,1
1,1,1,1,0,1,1,1,1,1,1,1,1,1,1,1,1,1,1,0,1,1,1,0,0
1,1,1,1,1,1,1,1,1,1,1,1,1,1,1,1,1,1,1,1,1,1,1,1,1
1,1,0,1,1,1,1,1,1,1,1,1,1,1,1,1,1,0,1,1,1,1,1,1,1
1,1,0,1,1,1,1,1,1,1,1,1,1,0,1,1,1,1,1,1,1,1,1,1,1
1,1,1,1,1,1,1,1,0,1,1,1,1,0,1,1,1,1,1,0,1,1,1,1,1
1,1,1,1,1,1,1,1,0,1,1,1,1,1,1,0,0,1,1,1,0,0,0,1,1
0,1,1,0,0,1,0,1,0,1,0,0,1,0,0,1,0,0,1,0,0,0,1,1,1
1,1,1,0,1,1,1,1,0,1,1,1,1,1,1,1,0,1,1,1,0,1,1,1,0
1,1,0,1,1,1,1,0,1,1,1,1,1,1,0,1,0,1,1,1,0,1,1,1,1
1,0,0,1,1,1,1,1,0,0,1,0,1,1,1,1,1,1,1,1,1,1,1,1,1
1,1,0,1,1,1,0,1,1,0,0,0,1,0,1,0,0,0,1,0,0,0,0,0,1
1,1,1,1,0,1,1,1,0,0,1,1,1,1,1,1,1,1,1,1,0,1,1,1,1
1,1,1,0,0,1,1,1,0,1,0,1,0,0,0,1,0,1,1,0,0,1,1,0,1
1,1,1,1,1,1,0,1,1,1,1,1,1,1,0,1,1,1,1,0,1,1,1,0,1
0,1,1,1,0,1,1,1,0,0,0,1,1,1,0,1,0,1,1,0,0,0,0,0,0
1,1,0,1,1,1,1,1,1,1,1,1,1,1,1,1,1,0,0,1,0,1,1,0,1
1,1,0,1,0,1,1,1,0,1,1,1,1,1,1,1,0,1,0,1,0,1,1,1,1
0,1,0,1,1,0,1,1,1,0,1,1,1,1,0,1,0,1,0,1,1,0,1,0,1
1,1,0,1,1,1,1,1,0,1,1,1,1,1,1,1,1,1,1,0,1,1,1,1,1
1,1,1,1,0,1,1,1,1,1,1,1,0,1,0,1,0,1,1,1,1,1,1,0,1
1,0,1,0,0,1,1,1,0,0,1,1,0,1,0,1,1,1,1,0,1,1,1,0,0
1,1,1,1,1,1,1,1,0,1,0,1,1,1,1,1,1,1,1,1,1,1,1,1,0
1,1,1,1,1,1,1,1,1,1,1,1,0,1,1,1,0,1,1,1,1,1,0,1,1
1,1,1,1,1,1,1,1,1,1,1,1,1,1,0,1,1,0,1,1,1,1,1,1,0
1,1,0,1,1,1,1,1,1,1,1,0,0,1,1,1,0,1,1,1,1,1,1,1,1
1,1,1,1,1,1,1,0,0,1,1,1,1,1,1,1,1,1,0,0,1,1,1,0,1
1,1,1,1,1,1,1,1,1,1,0,1,1,1,0,1,1,1,1,1,1,1,0,0,1
1,1,0,1,1,0,1,1,1,1,0,1,1,1,1,0,1,1,1,0,1,1,1,1,1
0,0,0,1,0,0,0,0,0,1,0,0,1,0,0,1,0,1,1,1,0,0,1,0,0
1,1,0,1,0,1,1,1,1,1,0,0,1,1,1,1,0,0,1,0,0,1,1,0,1
1,1,0,0,0,0,1,1,0,1,0,0,0,1,0,0,0,0,1,1,0,0,1,0,0
1,1,0,1,1,1,1,1,1,1,1,1,0,1,0,1,0,1,1,0,1,1,1,0,1
1,1,0,1,1,1,1,1,1,0,1,1,1,1,0,1,1,1,1,0,1,1,1,0,1
1,1,1,0,0,1,1,1,0,1,0,1,1,0,0,0,1,1,1,0,0,1,0,0,1
0,1,0,1,1,0,1,1,1,1,0,1,1,1,0,0,0,0,1,0,1,1,0,0,0
1,0,0,1,0,0,1,1,1,1,1,0,1,0,0,0,0,1,1,0,0,1,0,1,1
1,0,1,1,0,0,0,1,1,0,0,0,0,1,0,0,0,1,1,0,1,1,1,0,0
1,1,0,1,1,0,0,1,1,1,0,0,1,1,1,1,0,1,1,1,0,1,1,1,0
0,0,0,1,0,0,0,1,0,0,0,0,1,1,1,0,0,1,1,0,0,1,0,1,0
1,0,1,1,1,1,0,1,0,0,0,1,1,1,0,0,0,1,1,0,0,1,1,1,0
1,1,1,1,1,0,1,1,1,1,1,1,1,1,1,1,0,0,1,1,1,1,1,1,1
1,1,1,1,1,1,1,1,0,1,0,1,1,1,0,0,0,1,1,0,1,1,1,1,1
1,1,0,0,0,0,1,1,0,1,0,0,1,1,0,0,0,1,1,0,0,1,1,0,1
1,0,0,0,0,1,0,1,0,1,0,1,0,0,0,0,0,0,1,1,0,1,1,0,0
1,0,1,0,0,0,1,1,0,0,0,1,1,0,0,0,0,1,1,0,1,0,0,0,1
1,1,0,1,0,1,1,1,1,1,0,0,1,1,1,1,0,0,1,0,0,1,1,0,1
1,1,1,1,1,1,1,1,1,1,0,1,1,1,0,1,0,0,1,0,1,0,1,1,1
1,0,0,0,0,0,0,1,0,1,1,0,1,0,0,1,0,0,1,0,0,0,1,0,0
1,1,0,0,1,1,1,1,0,1,1,0,1,1,1,1,1,0,1,1,1,0,0,1,1
1,1,1,0,0,1,1,1,0,1,0,1,1,0,0,0,1,1,1,0,0,1,0,0,1
1,1,1,0,1,1,1,1,0,1,1,1,0,1,0,0,1,0,1,0,0,0,0,0,1
1,1,0,0,0,0,0,0,0,0,0,0,1,1,1,0,0,0,1,0,0,1,0,0,0
1,1,1,1,1,1,1,1,0,1,0,1,1,1,1,1,1,1,1,0,1,1,1,1,0
1,1,0,0,0,1,0,0,0,1,0,0,0,0,0,0,0,0,1,0,0,1,0,0,0
0,1,1,1,0,1,1,1,1,1,0,0,0,0,1,0,1,0,1,0,0,1,0,0,1
0,1,0,0,0,0,0,1,0,0,0,0,1,0,0,0,0,0,1,0,0,0,0,0,1
1,1,1,0,1,1,1,1,1,0,1,1,1,1,1,0,1,1,1,0,0,0,1,1,1
1,1,0,1,1,1,1,1,0,1,0,1,1,1,0,0,1,0,1,0,1,0,1,0,0
1,1,1,1,0,1,1,1,0,1,1,1,1,1,0,1,0,1,1,0,0,1,0,1,1
0,1,1,1,0,1,1,1,0,1,1,0,1,1,0,1,0,0,0,0,1,0,1,0,0
0,0,0,0,0,1,1,1,0,0,0,1,1,1,0,1,0,1,1,0,0,0,0,1,0
1,0,0,1,0,1,1,1,0,0,0,1,1,0,0,1,0,1,1,0,0,0,0,0,1
0,1,0,0,0,0,0,1,0,0,0,0,1,0,0,0,0,0,0,0,1,1,1,0,0
0,1,0,0,0,0,0,1,0,0,0,0,0,1,0,1,0,1,1,0,0,0,0,0,1
0,1,1,1,0,0,1,1,1,1,0,1,0,0,1,0,0,0,1,0,1,1,0,0,0
1,1,1,1,0,1,1,1,1,1,0,1,1,0,0,0,0,0,1,0,0,0,0,1,0
0,1,1,0,1,0,1,0,0,1,0,1,1,1,1,0,1,0,1,0,0,0,1,0,0
0,1,0,0,1,0,1,0,0,0,0,1,1,1,1,1,0,1,1,0,0,0,0,1,0
1,1,1,1,1,1,1,1,1,1,1,0,1,1,0,0,1,1,1,0,1,1,1,1,1
1,0,0,1,0,1,1,1,1,0,0,0,0,0,0,0,1,0,1,0,0,0,0,1,1
1,1,0,1,1,1,1,1,0,0,0,0,0,1,1,0,0,0,1,0,1,0,0,0,0
1,1,0,1,1,0,1,1,1,1,1,1,1,0,0,0,0,0,1,0,1,0,0,0,0
1,1,1,1,1,1,1,1,1,0,1,1,1,1,0,0,1,1,1,0,1,1,1,1,0
0,0,0,1,0,1,1,1,1,0,0,1,1,1,0,0,0,0,1,0,1,0,1,1,1
1,1,1,1,1,1,1,1,1,0,1,1,1,0,0,1,1,1,1,1,1,1,0,1,0
1,1,0,0,1,1,0,1,1,0,0,0,1,1,1,0,0,0,1,0,0,0,0,0,0
1,1,1,1,1,1,1,1,0,1,1,1,1,1,1,0,1,0,1,0,1,0,0,0,0
1,1,1,0,0,1,1,1,0,0,0,1,1,1,1,0,1,1,1,0,1,0,0,1,1
1,0,0,1,1,1,1,1,0,1,1,0,1,1,0,0,1,0,1,0,1,0,0,1,0
0,0,0,0,0,1,0,0,0,0,0,1,0,0,1,1,1,0,1,0,0,1,0,0,0
1,1,0,1,1,1,0,1,1,1,1,1,1,1,0,0,1,0,1,0,1,0,0,1,1
1,0,0,0,1,0,1,1,0,0,1,0,0,0,1,1,1,0,1,0,1,0,0,1,1
1,0,0,0,0,1,1,1,0,0,1,0,0,1,1,0,0,1,1,0,0,0,0,1,0
1,1,1,0,0,1,1,1,0,0,1,0,1,1,1,1,1,1,1,0,1,0,1,1,0
0,1,1,0,1,0,0,1,1,0,0,0,1,1,0,1,0,1,1,0,0,0,0,0,0
1,1,0,1,1,1,1,1,1,1,1,0,1,0,1,1,0,1,1,0,1,1,1,1,1
1,1,0,1,1,0,1,1,0,0,1,0,1,1,0,1,1,0,1,0,1,1,1,0,0
0,1,0,1,0,0,1,1,0,0,0,1,1,0,0,1,0,0,0,0,1,0,0,1,0
1,1,1,1,1,1,1,1,1,0,1,1,1,0,0,1,1,1,1,1,1,1,1,1,1
1,1,1,1,1,1,1,1,0,1,0,0,1,1,0,1,0,1,1,1,1,1,1,1,1
1,1,1,0,0,1,1,1,0,0,1,0,1,0,0,0,0,0,1,0,0,1,0,0,0
1,1,1,1,1,1,1,0,1,0,0,0,1,1,0,0,0,0,1,0,1,1,0,1,0
1,1,0,0,0,1,1,0,0,1,0,1,0,0,0,1,0,0,1,0,1,1,0,0,1
1,1,1,1,1,0,1,1,1,1,0,0,1,1,0,1,1,1,1,0,1,1,0,0,1
1,0,0,0,1,0,1,1,0,1,1,1,1,0,0,0,1,0,1,0,1,1,1,1,0
1,1,0,1,0,1,1,1,1,0,1,0,1,1,0,1,1,1,1,0,1,1,0,1,0
0,1,1,0,1,1,0,0,1,0,0,0,1,0,0,1,1,0,1,0,0,0,0,0,1
1,0,0,1,1,1,1,0,0,1,0,1,0,1,0,1,0,1,1,0,0,0,0,0,1
1,1,0,1,1,1,1,1,1,0,1,0,1,0,1,1,1,1,1,0,1,1,0,1,1
1,0,1,0,1,1,0,1,0,0,0,0,0,1,1,0,1,0,1,0,1,0,0,1,0
1,1,1,1,1,1,0,1,1,1,1,0,1,1,0,1,0,0,1,1,1,0,1,1,1
0,0,1,1,0,1,1,1,1,1,0,0,0,0,0,1,0,0,0,0,1,0,0,0,0
0,0,0,0,0,1,0,0,0,0,0,0,1,1,0,0,0,0,1,0,1,0,0,0,0
1,0,1,1,1,0,1,1,1,0,1,0,1,1,1,1,1,1,1,0,1,1,0,0,1
1,1,0,1,0,1,0,1,0,0,0,1,0,1,1,0,0,1,1,0,0,1,0,0,0
1,1,1,1,1,1,1,1,0,0,1,1,1,1,0,0,1,1,1,0,1,0,1,0,0
1,0,0,1,1,1,0,1,1,0,0,0,1,0,0,0,0,0,1,0,1,0,0,0,1
1,1,1,1,1,0,1,1,1,1,1,1,1,1,1,1,1,1,1,1,1,0,1,1,0
0,1,0,1,1,1,1,1,1,0,1,1,0,0,1,0,1,1,1,0,1,0,0,1,0
0,1,0,0,0,0,0,1,1,0,0,0,1,1,0,0,0,1,1,0,0,0,0,0,0
0,1,0,1,0,0,0,1,0,0,0,1,1,0,1,0,0,0,1,0,0,0,0,0,1
0,1,1,1,1,1,1,1,0,1,0,1,0,0,0,1,0,1,1,1,1,1,1,1,1
1,0,1,1,1,0,0,1,0,0,0,1,0,0,0,1,1,0,1,0,0,0,0,0,1
1,0,0,1,0,1,0,0,0,0,1,1,0,1,0,0,1,0,1,0,1,0,0,0,1
1,1,0,1,0,1,1,1,1,0,1,1,1,1,1,1,1,0,1,0,1,0,0,1,1
0,0,1,0,1,0,0,0,1,1,1,1,0,0,1,1,0,0,0,0,0,0,0,0,0
0,1,1,0,1,1,0,1,0,0,0,1,0,0,0,0,1,0,1,0,0,1,0,0,1
1,1,0,1,1,1,1,1,1,0,1,1,0,1,1,1,1,0,1,1,1,1,1,0,1
1,0,0,1,1,1,1,0,0,0,0,1,1,1,1,1,0,0,1,0,1,0,0,0,0
0,1,0,0,0,1,0,1,0,0,0,0,1,1,0,0,0,0,1,0,1,0,0,0,1
0,1,1,1,1,1,0,1,0,1,1,0,1,1,0,0,1,0,1,0,0,0,0,1,1
1,0,0,0,0,0,1,0,0,0,0,0,1,0,0,0,1,0,1,0,1,0,1,0,1
0,1,0,1,0,1,0,0,1,0,0,0,0,1,0,0,0,0,1,0,0,0,0,0,0
1,0,0,1,0,0,0,1,0,0,0,1,1,0,0,1,0,0,0,0,0,0,1,0,1
1,0,1,1,1,1,1,1,0,1,0,1,1,1,0,1,1,1,1,0,1,0,0,1,1
1,1,0,1,1,1,0,1,0,0,1,1,0,0,1,1,1,0,1,0,1,0,0,1,1
1,1,0,1,0,0,0,1,0,0,0,0,0,1,1,0,0,1,1,0,0,0,1,0,0
1,1,0,1,1,1,1,1,0,0,0,0,1,1,0,1,1,1,1,0,0,0,1,0,1
0,1,1,1,0,0,0,0,0,0,0,0,0,1,0,1,1,0,1,0,0,0,0,0,0
1,1,0,1,0,0,0,0,1,0,0,0,0,0,0,0,0,1,1,0,0,0,0,0,1
0,1,1,0,0,0,0,0,0,0,0,0,1,0,0,0,1,0,1,0,1,0,0,0,1
0,1,1,1,1,1,1,1,0,0,0,1,1,1,1,0,1,0,1,0,1,1,0,1,1
0,1,1,0,0,0,0,1,0,0,0,0,0,1,0,0,1,0,0,0,1,0,0,0,1
1,1,0,0,1,1,1,1,1,1,0,0,1,1,0,1,1,0,1,1,1,1,0,1,1
1,1,0,1,1,1,1,0,1,0,1,1,1,0,0,1,1,1,1,0,1,0,0,0,0
1,0,0,1,1,1,0,0,0,1,1,0,0,1,1,0,1,0,1,0,0,1,0,0,0
1,1,1,1,1,1,1,1,1,0,1,0,1,1,0,0,0,1,1,1,1,1,0,1,1
0,1,1,1,0,0,1,1,0,0,1,0,1,0,1,0,0,0,0,0,0,0,1,0,0
0,0,0,1,1,1,1,1,0,0,0,0,1,0,0,0,0,1,0,0,1,0,0,1,0
1,1,0,1,1,1,1,1,1,0,1,0,1,1,1,0,0,1,1,0,1,1,0,1,0
1,0,1,1,1,0,1,0,1,0,0,0,1,1,0,1,0,1,1,0,0,0,0,1,1
1,0,0,1,0,1,0,0,0,0,0,0,0,1,0,0,0,0,1,0,0,0,0,1,0
0,1,1,0,0,1,0,1,0,0,0,1,1,1,0,0,1,1,1,1,1,1,0,1,1
1,1,0,1,1,1,1,1,0,1,1,0,1,0,1,0,0,1,1,0,1,1,0,1,1
1,0,1,1,1,0,1,1,1,1,1,1,1,1,0,0,1,0,0,1,1,0,1,1,1
1,0,1,1,1,0,1,0,0,0,0,1,0,0,0,1,0,0,0,0,0,0,0,0,1
1,1,1,0,1,1,0,1,1,0,1,1,1,1,0,0,0,1,1,0,0,1,0,1,0
0,1,0,1,1,0,1,0,1,1,0,0,1,0,0,0,1,0,1,0,1,0,0,0,0
0,1,1,1,1,0,1,1,0,0,0,0,1,0,1,0,1,1,1,1,0,1,1,1,0
1,1,0,1,1,1,1,1,1,1,1,0,1,0,0,0,0,0,1,0,0,1,0,1,0
0,1,0,0,1,1,1,1,1,1,0,1,1,0,0,0,0,1,1,0,1,0,0,1,1
1,1,1,1,0,1,1,1,0,0,0,0,1,1,1,1,0,1,1,1,1,1,1,0,0
1,1,1,0,1,1,1,1,1,0,0,1,1,1,0,0,0,0,1,0,0,1,0,1,1
1,1,1,0,1,1,1,1,1,0,0,0,1,0,0,1,1,1,1,1,1,1,0,1,1
0,1,0,1,1,1,0,1,0,0,0,0,0,0,1,1,0,1,1,0,0,0,0,0,0
1,1,1,0,0,1,1,1,0,0,0,0,0,1,0,1,1,0,1,1,0,0,0,0,0
0,1,0,1,1,0,0,1,0,0,0,0,1,1,0,1,0,0,1,0,1,0,1,0,1
0,0,0,0,0,0,1,1,1,0,1,0,0,0,0,1,0,0,1,0,0,0,0,0,0
1,1,1,1,1,1,1,1,0,0,0,0,1,0,1,1,1,1,1,0,1,1,1,0,1
1,0,0,1,0,1,1,1,0,1,1,1,1,0,0,0,0,0,1,0,0,0,0,1,0
0,1,0,0,1,1,0,1,0,0,0,0,0,1,1,0,0,0,1,0,0,0,0,0,0
0,1,0,1,0,1,0,1,1,0,1,1,0,0,0,0,0,1,1,0,0,0,1,1,0
0,0,1,0,0,1,1,1,1,0,1,0,1,0,0,0,1,0,1,0,0,0,0,1,0
1,1,0,1,1,1,0,1,1,0,1,0,1,1,1,1,1,1,1,0,1,0,0,1,1
1,1,1,1,1,1,1,1,1,0,0,0,1,1,1,1,1,0,1,0,1,1,0,1,1
1,1,1,1,1,1,1,1,0,1,1,1,1,0,0,1,1,1,1,0,1,1,0,1,1
1,1,1,0,0,0,0,1,0,0,0,0,0,0,0,0,1,0,0,1,0,0,0,1,0
1,1,1,1,1,1,1,1,1,0,1,1,1,1,0,0,1,0,0,0,0,1,0,1,0
1,0,1,0,1,0,1,1,0,1,0,0,1,0,0,0,1,1,1,1,1,0,0,0,0
1,1,0,1,0,0,1,0,0,0,0,1,1,0,1,0,0,0,1,1,0,0,0,1,0
0,1,0,1,0,0,1,1,0,0,1,0,1,0,0,0,1,1,1,0,0,0,1,1,0
0,0,1,0,0,0,1,0,0,1,1,1,0,1,1,0,1,0,0,1,1,0,0,0,0
1,1,1,1,1,1,1,1,1,0,0,0,1,1,0,1,1,0,1,1,1,1,0,0,0
1,0,0,1,1,0,1,0,0,0,0,0,1,0,0,0,0,0,0,0,0,0,1,0,1
1,0,0,1,1,1,1,0,0,0,1,1,1,1,0,0,0,1,0,0,0,1,0,0,1
1,1,1,1,0,1,1,1,0,0,0,0,1,1,1,1,0,0,1,1,0,1,0,1,0
1,0,0,1,0,1,1,0,1,1,0,1,0,1,0,0,1,0,1,0,1,0,0,0,1
0,0,0,0,0,0,1,1,1,0,1,1,1,1,1,0,0,0,1,0,1,1,0,0,1
1,1,1,1,1,1,1,1,0,0,1,0,1,0,1,0,1,1,1,0,1,1,1,1,0
1,0,1,1,1,0,1,1,1,1,1,1,0,1,1,1,0,1,1,0,1,1,0,1,0
1,1,1,1,1,1,1,1,1,0,1,0,1,0,1,1,1,1,1,0,1,0,0,1,1
1,1,0,1,1,1,1,1,1,1,0,0,1,0,1,1,1,1,1,0,0,0,0,0,0
0,1,1,0,1,0,0,1,0,1,0,0,0,1,0,0,0,1,0,0,0,1,0,0,0
0,0,0,0,1,1,1,1,1,0,0,0,1,1,1,1,0,0,1,0,1,0,0,0,1
1,0,1,1,1,1,1,1,1,0,1,1,1,1,0,0,1,1,1,0,1,1,0,0,0
0,0,1,0,0,1,1,0,0,0,0,0,1,0,0,0,1,0,1,0,0,0,1,0,0
1,1,0,0,1,0,1,0,1,0,1,0,0,0,0,1,0,0,1,0,1,0,0,0,0
1,1,0,1,1,1,0,1,0,0,1,1,0,0,1,1,1,1,1,0,1,0,0,0,1
1,1,1,1,1,1,0,0,0,0,0,0,1,1,0,1,1,0,0,0,0,0,1,0,0
1,1,1,1,1,1,1,1,1,0,1,0,1,0,1,0,1,0,1,0,0,0,1,0,0
1,1,1,1,1,1,1,1,1,0,0,1,1,1,1,1,0,1,1,0,0,1,1,1,1
1,0,1,1,1,0,0,1,1,0,1,0,1,0,0,1,1,0,0,0,1,0,1,1,1
1,1,0,1,1,1,1,1,1,0,1,0,1,1,0,0,1,0,1,0,0,1,1,0,1
1,1,0,0,1,1,1,1,1,0,1,1,1,1,1,1,1,1,1,1,1,0,1,1,1
1,1,1,1,1,1,1,1,0,1,0,1,1,1,0,0,1,1,1,0,1,0,1,0,0
0,1,0,1,0,1,1,1,1,0,1,1,1,1,1,0,1,0,1,0,0,1,0,0,0
0,0,1,0,1,0,1,1,1,0,0,0,0,0,1,0,0,0,1,0,1,1,0,0,0
1,1,0,1,1,1,1,1,1,0,1,1,1,1,1,1,1,1,1,1,1,1,0,1,1
1,1,0,1,1,1,1,1,1,0,1,0,1,1,1,0,0,0,1,0,1,1,1,0,1
1,0,1,1,1,1,1,1,0,1,1,0,1,1,1,0,1,0,1,0,1,1,0,1,1
1,1,0,1,1,0,1,0,1,1,1,1,0,0,0,0,0,0,1,0,0,0,0,0,1
1,1,0,1,1,1,1,1,0,1,0,0,0,0,0,1,1,0,1,0,1,0,1,0,1
1,1,0,1,1,1,0,1,1,0,0,0,1,1,0,1,1,1,1,1,1,1,1,1,1
1,0,0,0,1,1,1,1,1,0,0,0,1,0,0,1,1,0,1,1,0,1,0,1,0
1,1,0,1,1,1,1,1,1,0,0,0,1,1,1,1,1,1,1,0,1,1,0,0,1
1,1,0,1,1,0,1,1,0,0,0,0,1,0,0,0,0,0,1,0,1,0,0,1,1
0,1,0,0,0,1,0,0,0,0,0,0,0,0,1,1,0,1,1,0,0,0,0,1,1
1,0,0,1,1,1,1,1,1,0,0,1,1,0,0,0,1,0,1,0,0,0,1,1,0
0,1,0,1,0,1,0,1,0,1,0,0,1,1,0,1,0,0,1,0,0,1,0,0,0
1,0,1,1,1,0,0,1,1,0,1,0,1,0,0,1,1,0,0,0,1,0,1,1,0
1,1,0,1,1,0,1,0,1,0,0,1,1,0,1,0,1,0,1,0,0,0,0,0,0
1,1,0,1,0,1,0,1,0,1,1,0,0,1,0,0,0,0,1,0,0,0,0,0,0
1,0,1,1,0,0,1,1,0,0,1,0,1,1,0,1,1,1,1,1,0,1,0,1,1
1,1,0,1,1,0,1,1,0,0,0,0,0,0,0,1,1,0,1,0,0,0,0,0,0
1,0,1,0,0,1,1,1,1,0,0,0,1,1,0,0,1,0,1,0,1,1,0,0,1
1,1,1,1,1,1,1,1,1,0,0,1,1,1,1,1,1,1,1,1,0,1,0,1,1
1,0,1,0,0,1,1,1,0,0,0,0,1,1,1,0,1,0,1,1,0,0,0,1,1
1,1,1,1,1,1,1,1,1,0,0,1,1,1,0,1,0,0,1,0,0,1,0,0,1
1,1,1,1,1,0,1,1,0,0,1,1,1,1,1,0,0,1,1,0,0,1,0,0,0
0,1,1,1,0,0,1,1,0,0,1,1,1,1,0,0,1,0,1,0,1,0,0,1,1
1,0,0,1,1,1,1,1,0,0,0,1,1,0,0,0,1,0,1,0,0,0,0,1,0
0,1,1,0,0,1,0,0,0,0,0,0,1,1,0,0,0,0,1,0,0,0,0,1,0
1,1,0,1,1,1,1,1,0,0,1,0,1,0,0,0,1,0,1,0,1,0,0,1,0
1,1,1,1,1,1,0,1,1,0,1,0,1,1,0,0,0,0,1,0,1,0,0,1,1
0,1,0,0,0,1,0,1,1,0,0,0,0,0,1,0,1,1,1,0,0,0,1,0,0
1,1,0,0,0,0,0,1,1,0,0,0,0,1,0,0,0,0,1,0,1,0,0,0,1
1,1,1,1,1,1,1,1,0,0,1,1,1,0,0,1,1,1,1,0,0,1,0,1,1
0,1,0,1,0,1,1,1,0,0,0,0,1,1,0,0,1,1,1,0,1,0,0,1,0
1,1,0,1,1,1,1,1,1,0,1,1,1,1,1,1,0,1,1,0,0,0,1,1,0
0,1,1,1,1,1,0,0,1,0,0,0,1,1,0,1,0,1,1,0,1,0,0,0,1
1,1,1,0,1,1,1,1,1,1,1,1,1,1,0,1,1,0,1,1,1,1,1,1,1
1,1,0,1,0,1,1,1,1,1,0,0,1,0,0,1,0,0,1,0,1,0,0,1,1
1,1,1,1,1,1,0,1,1,0,1,0,0,1,0,1,1,1,1,0,1,0,0,0,1
1,1,1,1,1,1,1,1,1,1,1,1,1,1,0,1,1,1,1,1,1,1,1,1,1
0,0,0,0,1,0,0,1,1,0,1,0,1,0,0,0,0,0,1,0,0,0,0,0,1
1,1,0,1,0,0,1,1,1,0,1,0,1,1,1,1,1,1,1,0,1,0,0,0,1
1,1,1,1,1,1,1,1,1,0,1,1,1,1,1,1,1,1,1,0,1,1,0,1,1
1,1,0,1,1,1,1,1,1,0,1,1,1,1,0,1,1,0,1,0,1,1,1,1,1
1,1,1,1,1,0,0,1,0,0,1,1,0,0,0,1,0,0,0,1,0,0,0,0,0
1,1,0,0,1,0,0,1,1,0,0,0,0,1,0,0,1,0,0,1,1,1,0,0,1
0,1,0,1,1,1,0,0,0,0,0,0,0,0,0,1,0,0,1,1,0,1,0,0,1
1,1,0,1,1,1,1,1,1,1,1,1,1,1,0,1,1,1,1,0,1,0,0,1,0
1,1,0,0,0,0,0,1,0,0,0,0,0,0,0,0,0,0,1,0,0,0,0,0,0
1,1,0,1,0,1,1,1,0,1,0,1,1,1,1,1,0,0,1,0,0,0,0,1,1
1,1,0,1,1,1,1,1,0,0,1,0,1,1,0,0,1,0,1,0,1,0,1,1,0
1,1,0,0,1,1,0,1,0,0,0,0,0,1,0,1,0,0,1,0,0,0,0,0,1
1,1,1,1,1,1,1,1,1,0,0,0,1,1,1,1,1,1,1,0,1,1,0,1,1
1,1,0,1,1,1,0,1,0,0,0,0,1,1,1,0,1,0,1,0,1,0,1,1,1
1,1,1,0,0,1,1,1,0,0,1,1,1,1,1,1,0,0,1,0,0,0,1,1,1
0,0,0,1,0,0,1,1,0,0,0,0,0,0,0,0,0,0,1,0,0,0,0,0,1
0,0,1,0,1,0,1,1,0,0,1,1,1,0,0,1,0,0,1,0,0,0,0,1,1
0,1,0,1,1,0,0,1,0,1,0,0,0,0,1,0,0,0,1,0,0,0,0,1,0
1,1,0,1,1,1,1,1,1,1,1,1,1,1,0,1,1,1,1,1,1,1,1,1,1
1,1,1,1,1,1,1,1,1,1,1,0,1,1,0,1,1,1,1,0,1,0,0,1,1
0,1,0,1,0,1,1,1,1,0,0,0,0,0,1,0,0,0,1,0,1,0,0,1,0
1,1,1,1,1,1,1,1,1,1,1,0,1,1,1,0,1,1,1,0,1,1,0,1,1
0,1,0,1,0,1,0,1,1,0,0,1,0,1,1,0,1,1,1,0,0,1,0,0,1
1,1,0,1,1,1,1,1,1,0,0,1,1,1,0,0,1,1,1,0,1,0,1,0,0
0,0,1,0,1,1,0,1,0,0,1,0,1,1,0,0,1,0,1,0,1,0,0,0,0
1,1,1,1,1,1,1,1,1,1,1,1,1,0,0,1,1,1,1,0,1,1,0,0,0
0,0,0,0,0,1,1,0,1,1,0,0,0,0,0,0,0,0,0,0,0,0,0,0,1
1,1,0,1,1,1,1,1,1,0,0,1,0,0,0,0,0,1,0,0,0,0,0,0,0
1,1,1,1,1,0,1,1,0,1,1,0,0,0,0,0,1,0,0,0,0,0,0,0,0
1,1,0,1,1,1,0,1,1,0,1,0,1,1,0,1,0,0,1,0,0,1,0,0,0
0,1,0,0,0,1,1,1,0,0,0,0,0,1,0,0,0,0,1,0,1,0,0,0,0
1,1,0,0,1,1,1,1,1,0,0,0,1,0,1,0,1,0,1,1,1,0,0,0,1
0,1,0,0,1,0,0,1,0,0,0,1,0,0,0,1,0,0,1,1,0,0,0,0,0
0,1,0,1,0,0,0,0,1,0,0,1,1,0,0,0,0,1,1,0,1,0,0,1,0
0,1,1,1,0,0,1,1,1,0,0,0,0,0,0,0,0,0,1,0,0,0,0,0,1
1,1,1,1,1,1,1,1,1,1,1,1,1,1,1,1,1,1,1,0,1,1,1,1,1
1,1,0,1,1,1,1,1,0,1,1,1,1,0,0,1,1,1,1,0,1,1,0,1,1
1,1,1,1,1,1,1,1,1,1,0,1,1,1,0,1,0,0,1,0,1,0,1,0,1
1,1,1,1,1,1,1,1,1,0,1,1,0,1,1,1,1,1,1,0,0,0,1,1,1
1,1,1,1,1,1,1,1,1,0,0,0,1,0,1,0,0,0,1,0,1,0,1,0,1
1,1,1,1,1,1,1,1,1,0,0,1,1,1,1,1,0,0,1,0,1,0,0,1,1
0,1,1,1,0,0,1,0,0,0,0,0,1,1,0,1,0,1,1,0,0,0,0,0,1
1,1,1,1,0,0,1,0,0,0,1,1,1,1,0,0,1,0,0,0,0,0,0,0,1
1,1,0,0,1,1,0,1,0,0,1,0,0,1,0,1,1,0,1,0,0,0,0,1,0
1,1,0,1,1,1,1,1,0,0,1,1,1,1,1,1,1,0,1,1,1,0,0,1,1
0,1,0,0,0,0,1,1,1,1,0,1,1,0,0,1,1,0,1,0,0,0,0,0,1
1,1,1,1,1,1,1,1,1,1,1,0,1,1,0,0,1,0,1,0,0,1,1,1,1
0,0,0,1,1,1,0,0,1,0,0,0,1,1,1,0,1,0,1,0,1,0,0,1,1
1,1,0,0,1,1,0,1,0,0,0,0,0,0,0,0,0,0,1,0,0,0,1,1,1
0,1,0,1,0,1,1,1,0,0,1,1,1,0,1,0,0,0,1,0,1,1,0,1,1
1,1,1,0,1,1,1,0,1,0,0,0,0,0,0,0,1,0,1,1,0,0,0,0,0
0,1,0,0,0,1,1,1,0,0,1,0,1,0,1,0,1,1,1,0,0,0,0,0,0
1,1,1,1,1,0,1,1,1,0,0,1,1,0,1,1,1,0,0,0,1,0,1,0,0
0,1,1,1,1,1,1,1,1,1,0,0,1,1,1,0,1,0,0,0,0,0,0,1,1
1,0,1,0,1,0,1,1,0,0,1,0,1,1,1,1,1,0,1,0,0,0,0,0,1
1,1,1,0,1,1,1,0,0,0,0,1,0,0,1,1,0,0,1,0,1,0,0,0,1
1,1,0,1,0,1,1,1,1,1,0,1,1,1,1,1,0,1,1,0,1,1,1,1,1
1,1,0,1,1,1,1,1,1,0,1,0,1,0,1,1,1,0,1,0,0,0,0,1,0
0,1,1,1,0,1,1,1,0,0,0,1,1,1,0,0,0,0,0,1,0,0,0,0,1
1,1,1,1,1,1,1,0,1,0,1,1,1,1,0,1,1,1,1,1,1,1,1,0,1
1,1,0,1,1,1,1,1,1,1,1,0,1,1,0,1,1,0,0,0,1,0,1,1,0
1,1,0,0,1,1,1,1,0,1,1,0,1,1,0,1,1,1,1,0,1,1,0,0,1
1,0,1,1,1,1,1,1,1,0,0,1,1,0,0,1,0,0,1,1,0,0,0,0,1
1,1,1,1,1,1,1,1,1,1,1,0,1,1,0,1,1,0,1,0,1,1,1,1,1
1,1,0,1,1,1,1,1,1,1,1,1,1,1,0,1,1,1,1,1,1,0,1,0,1
1,0,1,1,1,1,1,1,1,1,1,1,1,1,1,1,0,1,0,1,0,1,1,1,1
1,1,0,1,1,1,1,1,1,1,1,1,1,1,1,1,0,1,1,0,1,0,0,0,1
0,1,1,0,0,1,1,1,0,1,1,0,0,1,1,1,1,1,1,1,0,0,1,1,0
1,1,1,1,0,1,1,1,0,1,1,1,1,1,1,1,1,0,0,0,1,0,1,0,0
1,1,0,1,0,1,1,1,1,1,1,1,1,1,0,1,1,1,1,0,1,0,1,1,1
1,1,1,1,1,1,0,1,0,0,1,1,1,1,1,1,0,1,1,1,1,0,1,0,1
1,1,0,0,1,1,1,1,1,1,1,1,1,1,1,1,1,1,0,1,1,1,1,0,1
1,1,0,1,1,1,0,1,1,0,1,1,1,1,1,1,1,0,1,1,0,1,1,0,0
1,1,0,1,1,1,1,1,1,1,1,1,1,1,0,1,1,1,1,1,1,1,0,1,1
1,0,0,0,0,1,1,1,0,0,1,0,1,1,0,1,0,0,1,0,0,1,1,0,1
1,0,1,0,0,1,0,1,0,0,0,1,1,1,1,1,0,1,1,0,0,1,1,0,1
1,1,0,1,0,1,0,1,1,1,1,1,1,0,1,0,1,1,1,1,1,0,1,1,1
1,1,0,1,1,1,1,1,1,0,1,1,1,0,1,1,0,1,1,0,1,1,0,0,1
1,1,1,0,0,1,0,1,0,1,0,0,1,1,0,1,0,0,1,0,1,0,1,0,1
1,1,0,1,1,1,0,1,1,1,1,1,1,1,0,1,1,1,1,1,0,1,1,1,1
0,0,1,1,1,1,0,1,1,0,1,1,1,1,0,0,1,1,1,0,1,1,1,0,1
1,0,0,1,1,1,1,1,1,1,1,1,1,1,0,1,0,0,1,1,1,0,0,0,1
1,0,0,1,0,1,1,0,0,1,1,1,1,1,0,1,0,1,1,1,0,1,1,0,0
1,0,0,1,1,1,1,1,1,0,1,1,0,1,0,0,0,0,0,0,0,0,0,0,1
1,1,1,1,1,1,1,1,1,1,1,1,1,1,1,1,1,1,1,1,1,1,1,1,1
1,1,0,1,1,1,1,1,1,1,1,1,1,1,0,1,0,1,1,1,0,1,1,1,1
1,1,0,1,1,1,0,1,1,0,1,1,1,1,1,1,1,1,1,1,1,1,1,0,1
1,1,1,1,1,1,1,1,1,1,1,1,1,1,1,1,1,1,1,1,1,1,1,1,1
0,1,0,1,1,1,1,1,1,1,1,1,1,1,0,1,1,1,1,0,1,0,1,0,1
1,1,1,1,1,1,0,1,1,1,0,1,1,1,0,1,0,1,1,1,0,1,1,1,1
1,1,0,1,1,1,1,1,0,1,1,1,1,1,1,1,0,1,1,0,1,0,1,0,1
1,1,0,1,0,1,1,1,0,1,1,1,1,1,0,1,0,0,1,0,1,0,1,0,1
0,1,1,0,0,1,0,1,0,1,0,0,0,1,0,1,0,0,0,0,1,1,1,0,1
0,1,1,1,1,1,0,0,0,1,0,0,1,0,1,1,0,1,0,1,0,1,1,0,0
1,1,0,1,1,1,1,0,0,1,1,1,1,1,0,1,0,1,1,1,1,0,1,1,1
1,1,1,1,0,1,0,1,1,0,1,0,1,1,0,0,0,1,1,1,1,1,1,0,1
0,1,0,0,0,0,0,0,0,0,1,1,1,1,0,0,0,0,1,1,0,0,0,0,0
0,1,1,1,1,1,1,0,0,1,1,1,1,1,1,1,1,1,1,1,1,1,1,1,1
1,1,1,1,0,1,1,1,0,1,1,0,1,1,0,1,1,1,1,1,1,1,1,1,1
1,1,0,0,0,1,1,1,1,0,1,1,1,1,0,1,1,0,1,1,0,0,1,0,1
1,1,0,1,1,1,1,1,1,1,1,1,1,1,1,1,0,1,0,1,1,1,1,1,1
1,1,0,1,1,1,1,1,1,1,1,1,1,1,0,1,0,0,1,1,1,0,1,0,0
1,1,0,1,1,1,1,1,1,1,1,0,1,1,1,1,1,1,0,0,1,1,1,1,1
1,1,0,1,1,0,0,1,0,1,1,1,1,0,0,1,1,0,1,1,0,0,1,0,1
1,1,0,1,1,1,1,1,1,1,1,1,1,1,0,1,1,1,1,1,0,1,1,1,1
1,1,0,1,1,1,1,1,1,1,1,1,0,1,0,1,1,1,0,0,1,1,0,1,1
1,1,1,1,1,1,1,1,0,1,1,1,1,1,0,1,1,1,1,1,1,1,1,1,1
1,0,0,1,0,1,0,1,0,1,1,0,0,1,0,0,1,1,1,1,0,0,1,0,1
1,0,1,0,0,1,1,1,0,1,1,1,1,1,0,1,0,0,1,0,0,1,0,1,1
1,1,0,1,0,1,1,1,1,1,1,1,1,0,1,1,0,0,1,0,1,0,0,0,1
1,1,1,1,1,1,1,1,1,1,0,1,1,1,1,1,1,1,1,1,1,1,1,1,1
1,1,1,1,0,1,1,1,1,1,1,1,1,1,1,1,1,1,1,1,1,1,1,1,1
1,1,0,1,0,1,0,1,1,1,1,1,1,1,0,1,0,1,1,1,0,1,1,0,1
1,1,1,1,0,1,1,1,0,0,1,1,1,1,0,1,0,1,1,1,0,0,1,0,1
1,0,1,1,0,1,1,0,0,1,0,1,1,1,0,1,0,0,0,0,0,0,0,1,1
1,1,0,1,1,1,1,1,0,1,1,1,1,1,0,1,0,1,1,1,1,1,1,0,0
1,1,1,1,1,1,1,1,1,0,1,0,1,0,0,1,1,1,1,1,0,0,1,0,0
1,1,1,1,0,1,1,1,0,1,1,1,0,1,0,1,0,0,1,1,1,0,1,0,1
0,1,0,0,0,0,1,1,0,1,1,0,1,0,1,1,0,0,1,0,0,0,1,0,1
0,1,1,1,1,1,1,1,0,1,1,1,1,1,0,1,1,0,0,1,1,1,1,1,1
1,1,0,0,0,1,0,1,0,0,0,1,1,1,0,1,0,1,1,0,1,0,1,0,0
0,1,1,1,0,1,0,0,1,1,0,0,0,0,0,1,0,0,0,0,1,0,1,0,1
1,1,1,1,1,1,0,1,0,1,1,1,1,1,1,1,1,0,0,1,1,1,1,0,0
1,1,1,0,0,0,1,1,0,1,1,1,1,1,0,1,1,1,1,0,1,1,1,0,0
1,1,0,1,1,1,1,1,1,1,1,1,1,0,0,1,1,1,1,1,1,0,1,1,1
1,1,1,1,1,1,1,1,1,1,1,1,1,1,0,1,1,1,1,0,1,1,1,1,1
1,1,0,1,1,1,1,1,1,1,1,1,1,1,0,1,1,1,1,1,1,1,1,0,1
1,1,0,1,1,1,1,1,0,1,1,0,1,0,1,1,1,0,1,1,0,1,1,0,1
0,1,0,1,1,1,0,0,1,0,1,1,0,1,0,1,1,1,1,1,0,0,0,0,1
0,0,1,0,0,0,0,1,0,0,0,0,1,1,1,1,0,0,1,0,1,0,0,1,0
1,1,1,1,1,1,1,1,0,1,1,1,1,1,0,1,0,1,1,1,0,0,1,0,1
0,1,0,0,1,1,1,1,0,1,1,1,1,1,0,1,0,1,1,1,1,0,1,0,0
1,1,1,1,1,1,1,1,1,1,0,1,1,0,1,1,1,0,1,1,1,1,1,0,1
0,1,0,0,0,1,0,1,0,1,1,0,0,1,0,1,0,0,1,0,0,1,1,0,0
0,0,1,1,1,1,1,1,1,1,1,0,1,1,0,1,1,1,1,1,1,0,1,1,1
1,1,0,1,0,1,1,1,0,1,1,1,1,1,1,1,0,1,1,1,1,0,1,1,1
1,1,0,1,0,1,1,1,1,1,0,1,1,0,1,1,0,0,1,0,1,0,0,0,1
1,1,0,1,0,1,1,1,1,1,0,1,1,0,1,1,0,0,1,0,0,0,0,1,1
1,1,1,1,1,0,1,1,1,0,0,1,1,0,0,1,0,1,1,0,1,1,1,0,0
1,0,0,1,0,0,0,1,0,1,1,1,1,0,0,1,0,1,1,0,0,1,0,1,1
1,1,1,1,1,1,0,1,1,1,1,0,1,1,1,1,0,0,1,0,1,0,1,1,1
1,1,1,1,1,1,1,1,1,1,1,0,1,0,0,1,1,1,1,0,1,1,1,0,0
1,1,0,1,1,1,1,0,1,1,1,1,1,1,0,0,1,0,1,1,1,1,0,0,1
1,1,1,1,0,1,1,1,0,0,0,1,1,0,1,1,0,1,1,1,0,1,1,1,1
0,1,1,1,1,1,1,1,1,1,1,1,1,1,0,1,0,1,1,1,0,0,1,0,0
0,1,1,1,1,1,1,1,1,1,1,1,1,1,1,1,0,1,1,0,0,0,1,0,1
1,1,0,0,1,1,1,1,1,1,1,1,1,1,1,1,1,1,0,1,1,1,1,1,1
1,1,1,1,0,1,1,1,1,1,1,1,1,0,0,1,0,1,1,1,1,1,1,0,1
1,1,1,1,1,1,1,1,1,1,1,1,1,1,1,1,1,1,1,1,1,1,1,0,1
0,0,0,0,0,1,1,1,1,1,1,0,1,1,1,1,1,1,0,1,1,1,1,1,1
1,1,1,1,1,1,1,1,1,0,1,1,1,1,0,1,1,0,1,1,1,1,1,1,0
1,1,0,0,0,1,1,1,0,1,1,0,1,1,0,1,1,0,1,0,0,1,1,1,0
0,0,1,1,1,0,1,1,1,1,1,1,1,1,0,1,1,1,1,0,1,1,1,1,1
1,1,1,1,1,1,1,0,1,0,1,1,1,0,0,1,0,0,1,1,0,0,0,0,1
0,0,1,0,1,1,1,1,0,0,0,0,0,1,0,0,0,1,1,1,0,0,0,0,0
1,1,0,1,0,1,1,1,1,1,1,0,0,0,0,1,0,0,1,1,0,1,1,0,1
1,1,1,1,1,1,1,1,1,1,1,1,1,0,1,1,1,1,1,1,1,1,1,1,1
0,0,1,0,0,1,1,1,0,1,0,0,0,1,1,1,1,1,1,0,0,0,1,0,0
1,1,1,0,0,0,0,1,0,0,0,1,1,0,0,1,0,0,1,0,0,0,0,1,0
1,1,1,1,0,0,1,1,1,1,1,0,1,0,1,0,1,1,0,0,0,0,1,1,1
1,1,1,0,1,1,1,1,1,1,1,0,1,0,0,1,1,1,1,0,1,0,1,1,0
1,1,1,1,0,1,1,1,0,1,1,1,1,1,0,0,1,0,1,1,0,1,1,1,1
1,1,1,1,1,1,1,1,0,1,0,1,1,1,0,1,1,1,1,1,1,1,1,1,1
1,0,1,0,0,0,0,0,1,0,0,0,0,1,0,0,0,1,0,1,0,1,0,1,0
1,1,0,1,1,1,1,1,1,1,1,0,1,0,1,1,1,0,1,0,0,1,0,1,1
1,1,0,1,0,1,0,1,0,0,0,0,1,0,0,1,0,1,1,0,0,0,1,1,0
1,1,0,1,0,1,1,1,1,0,1,1,1,0,0,1,0,1,1,0,1,1,1,1,0
1,1,0,0,0,0,0,1,0,1,1,0,0,0,1,0,0,0,1,0,0,0,0,1,0
0,0,1,1,0,0,1,1,0,1,0,1,0,1,0,0,0,0,1,0,0,0,0,0,1
1,1,1,1,0,0,1,1,0,1,1,1,1,0,1,1,0,1,1,0,0,1,1,1,0
1,1,0,1,1,1,1,1,0,1,1,1,1,0,1,1,0,1,1,0,0,0,0,1,0
1,1,1,1,1,1,1,1,1,1,1,1,1,1,1,1,1,1,1,1,1,1,1,0,1
1,1,0,0,0,0,0,1,0,1,1,1,1,0,0,1,0,1,1,0,0,0,1,0,0
1,1,0,0,0,0,0,1,0,1,0,0,0,1,0,1,0,0,1,0,0,0,1,1,0
1,0,0,1,1,1,0,1,0,0,1,1,0,0,0,0,1,1,1,0,1,0,1,1,0
1,1,0,1,0,1,1,1,0,1,1,0,1,1,0,1,0,0,1,0,0,0,1,1,0
1,1,0,0,1,0,1,1,0,1,0,1,1,0,1,1,0,0,1,1,1,1,1,0,0
1,1,0,1,0,1,1,1,0,1,0,0,1,0,0,0,1,0,1,1,1,0,0,1,0
1,1,0,1,1,1,0,1,1,1,1,1,0,1,1,1,0,1,1,0,0,1,0,1,1
1,0,0,0,0,1,0,1,1,1,0,0,0,1,1,1,0,0,1,0,1,1,1,0,1
1,1,0,1,1,0,1,1,0,1,1,1,1,0,0,0,0,0,0,1,1,1,1,1,1
1,1,0,1,0,1,0,1,1,1,0,0,0,1,0,0,0,1,1,0,1,0,1,1,0
0,0,0,0,0,0,0,1,0,1,0,0,1,1,1,0,0,0,1,0,0,0,1,1,0
1,1,0,1,0,0,1,1,0,0,1,1,1,0,1,1,0,1,1,0,0,0,1,0,1
0,1,1,0,1,0,1,0,0,0,0,0,1,1,0,0,1,1,1,1,1,0,1,0,1
1,1,0,1,0,0,1,1,0,1,0,1,1,1,0,0,1,1,1,0,1,0,0,1,1
1,1,0,1,1,1,1,1,1,0,0,1,1,0,1,1,1,0,1,0,1,1,1,1,0
1,1,1,1,0,0,1,1,0,0,1,1,1,1,1,1,0,1,1,0,0,1,0,1,1
1,1,0,0,0,1,1,0,0,0,0,0,1,1,0,0,0,0,1,0,1,0,0,1,1
1,1,0,1,1,1,1,1,0,0,1,0,1,1,1,1,0,1,1,1,0,0,1,1,0
1,1,1,0,1,1,1,1,1,0,0,1,1,0,0,1,0,1,1,0,0,1,1,0,1
0,1,0,0,0,0,0,0,0,0,1,1,0,0,1,0,0,0,1,0,0,0,0,0,0
1,1,0,1,1,1,1,1,1,1,1,0,0,0,1,1,1,1,1,1,0,1,1,1,1
0,0,0,1,1,0,1,1,0,0,0,0,1,1,0,1,0,1,1,0,0,1,0,0,0
1,1,1,1,1,1,1,1,0,0,1,1,1,0,0,0,0,0,1,1,0,0,0,1,0
1,1,1,1,1,1,1,1,1,0,1,0,1,0,0,1,1,0,1,0,0,1,1,1,0
0,0,0,0,0,0,1,0,1,1,0,0,1,1,1,0,0,0,1,0,0,0,0,0,0
1,0,1,1,1,1,1,1,1,0,1,1,1,1,1,1,1,1,1,1,1,0,1,0,1
1,1,1,1,0,1,1,1,0,0,1,1,1,1,1,1,1,1,1,1,1,0,1,0,0
1,1,0,0,1,0,1,1,1,0,1,1,1,1,0,1,1,1,0,0,0,0,0,0,1
0,1,1,1,1,1,1,1,0,0,0,1,1,1,0,1,1,1,1,0,0,0,1,0,1
1,1,1,0,1,1,1,1,0,0,1,1,1,0,1,1,1,1,1,0,1,1,0,0,1
1,1,0,1,0,1,1,1,0,0,0,1,1,1,1,1,0,1,1,0,1,1,0,0,0
1,1,1,1,1,1,1,1,1,0,1,1,1,1,0,1,1,1,1,1,1,1,1,0,1
1,1,1,1,1,1,1,1,1,0,0,1,1,1,1,1,1,1,1,1,1,1,1,0,1
1,0,0,1,1,0,1,1,0,0,1,0,1,0,0,1,0,1,1,1,1,0,0,0,1
1,1,1,1,1,1,1,1,1,0,0,1,1,1,1,1,1,1,1,0,1,0,1,0,0
1,1,1,1,0,1,1,1,0,0,1,1,1,0,1,1,1,1,1,1,1,1,1,0,0
1,1,0,1,1,1,1,1,1,0,0,1,1,1,1,1,1,0,1,1,0,1,0,0,0
0,1,0,0,1,1,1,1,1,0,1,1,1,1,1,1,1,1,1,1,1,0,1,0,1
1,0,0,1,1,1,1,1,1,0,1,1,1,1,1,1,0,1,1,1,1,0,1,0,1
1,0,0,0,1,0,1,1,0,0,1,1,1,1,1,1,1,1,0,0,1,1,1,0,0
1,1,1,1,1,1,1,1,1,0,1,1,1,1,1,1,1,0,1,1,1,0,1,0,1
1,1,0,1,1,1,1,1,1,0,1,0,1,0,1,1,1,1,1,0,1,0,1,0,0
1,1,1,0,1,1,1,1,1,0,1,1,1,1,1,1,1,1,1,1,1,0,1,0,1
1,1,1,1,1,1,1,1,1,0,1,0,1,1,1,1,1,1,1,1,1,0,1,0,1
0,1,1,1,1,1,1,1,0,0,1,1,1,1,0,1,1,1,0,0,0,0,1,0,1
1,1,1,1,1,1,0,1,0,0,0,0,1,0,1,1,1,0,1,0,1,1,1,0,0
1,1,1,1,1,0,1,1,1,0,0,0,1,0,0,1,0,0,1,1,1,0,0,0,0
1,0,1,1,0,1,1,1,1,0,1,1,0,0,0,0,1,0,0,0,1,1,1,0,0
1,1,1,1,1,1,1,1,1,0,1,1,1,1,1,1,1,1,0,1,0,0,1,0,1
1,1,0,1,1,1,1,1,1,0,0,1,1,1,1,1,1,1,1,1,1,1,1,0,1
1,1,1,0,1,1,1,1,1,0,1,1,1,1,1,1,1,1,1,1,1,1,1,0,1
1,1,0,1,1,1,1,1,1,0,1,1,1,0,1,1,1,0,1,1,1,1,0,0,1
1,1,0,1,0,1,1,1,1,0,0,1,1,1,0,0,1,1,1,0,1,1,1,0,0
1,1,0,0,0,0,0,1,1,0,1,1,1,0,0,1,1,1,1,0,1,1,0,0,0
1,1,0,0,1,1,1,1,1,0,1,0,1,0,0,1,1,0,1,1,1,1,1,0,0
1,1,0,0,1,1,0,1,1,0,0,1,1,1,1,1,0,1,1,1,0,0,1,0,1
1,0,1,1,1,1,1,1,1,0,1,0,1,1,0,1,0,1,1,0,1,1,1,0,1
1,1,1,1,0,0,1,1,1,0,0,1,1,1,1,1,1,1,1,0,1,1,0,0,1
1,1,1,1,0,1,1,1,1,0,1,0,1,1,1,1,1,1,0,0,0,1,1,0,1
1,1,0,1,1,1,1,1,1,0,0,1,1,1,1,1,1,1,1,0,1,0,1,0,1
1,1,0,1,0,1,1,1,1,0,1,1,1,1,1,0,1,0,0,0,1,0,1,0,0
1,1,0,0,0,1,0,1,1,0,0,0,1,1,0,1,0,0,1,0,1,1,0,0,1
1,0,0,1,1,1,1,1,0,0,1,0,0,0,1,1,1,1,1,1,1,1,0,0,1
0,0,0,0,0,0,0,0,1,0,0,0,0,0,0,1,1,0,1,1,0,0,1,0,0
1,1,1,1,1,1,1,1,0,0,0,1,1,1,0,1,1,1,0,0,1,1,0,0,1
0,1,1,1,0,1,1,1,1,0,0,0,1,1,0,1,1,1,1,0,1,1,0,0,1
1,1,1,1,1,1,1,1,1,0,1,1,1,1,1,1,1,1,1,1,1,1,1,0,1
1,1,0,0,1,1,1,1,0,0,1,1,1,1,1,1,1,1,1,1,1,1,1,0,1
1,1,0,1,1,1,1,1,1,0,0,1,1,0,1,1,1,0,0,1,0,0,1,0,0
1,1,1,1,0,0,1,1,1,0,1,1,1,1,0,1,1,0,0,0,0,0,0,0,0
1,1,1,1,1,1,1,0,1,0,1,1,1,0,0,1,1,1,1,0,1,0,0,0,1
1,1,0,1,1,1,1,1,1,0,1,0,1,1,1,1,1,1,1,0,1,1,1,0,0
1,1,1,1,1,1,0,1,1,0,1,1,1,0,0,1,1,0,1,0,1,0,1,0,0
0,0,0,1,0,1,1,1,1,0,0,0,1,0,0,1,0,0,0,0,1,0,0,0,0
0,1,1,1,0,1,0,1,0,0,1,0,1,1,1,1,1,1,1,1,1,0,0,0,1
1,0,1,1,1,1,1,1,1,0,1,0,1,1,1,1,1,1,1,0,1,1,0,0,0
1,1,1,0,0,1,1,1,0,0,1,1,1,1,1,1,0,1,1,1,1,1,1,0,0
1,1,0,1,0,1,1,1,1,0,0,1,1,1,0,0,1,1,1,0,1,1,1,0,1
1,1,0,1,1,1,1,1,1,0,1,1,1,0,1,1,1,1,1,1,0,1,1,0,0
1,1,1,1,1,1,1,1,1,0,1,1,1,1,1,1,0,1,1,0,1,1,1,0,1
1,1,1,1,1,0,1,1,1,0,1,1,1,0,1,1,0,0,0,0,1,1,1,0,0
0,1,1,1,0,1,1,1,1,0,1,1,1,1,0,1,0,1,1,0,0,0,0,0,0
1,1,1,1,1,1,1,1,1,0,1,1,1,1,1,1,1,1,1,1,1,0,1,0,1
1,1,1,1,1,1,1,1,1,0,0,1,1,1,1,1,0,0,1,0,1,1,0,0,0
1,1,1,1,0,1,0,1,1,0,0,1,1,1,1,0,0,1,0,0,0,0,1,0,1
0,1,1,0,0,1,1,1,1,0,0,0,1,1,1,1,1,1,1,0,0,0,0,0,1
1,0,1,0,1,1,1,1,0,0,0,1,1,1,0,0,1,0,1,0,1,1,1,0,1
1,1,1,1,1,1,1,1,1,0,0,1,1,1,1,1,1,1,1,0,1,1,1,0,1
0,0,1,0,0,1,1,1,1,0,1,0,1,0,1,0,0,1,1,0,1,0,1,0,0
1,1,1,1,1,0,1,1,1,0,0,0,1,0,1,1,1,1,1,1,1,1,1,0,1
1,1,0,1,1,1,1,1,1,0,1,0,1,1,0,1,0,1,1,1,1,0,1,0,0
0,0,0,0,1,1,1,0,0,0,0,0,0,1,0,1,1,1,1,0,1,1,1,0,1
1,1,1,1,1,1,1,1,1,0,1,1,1,1,0,1,1,0,0,1,1,1,1,0,1
1,1,0,1,1,1,1,1,1,0,0,1,1,1,1,1,1,1,1,1,1,0,1,0,1
1,1,1,1,1,1,1,1,1,0,1,0,1,0,1,1,1,1,1,1,1,0,1,0,1
1,1,1,0,1,1,1,1,1,0,1,1,1,1,1,1,1,1,0,0,1,1,1,0,0
1,1,1,1,1,1,1,1,1,0,0,1,1,1,1,1,1,1,1,1,1,1,1,0,1
1,1,0,1,1,1,1,1,1,0,1,1,1,1,1,1,1,1,0,1,1,1,1,0,1
1,1,1,1,1,1,1,1,1,0,0,1,1,1,1,1,1,1,0,1,1,1,1,0,1
1,1,1,0,1,1,1,1,1,0,0,1,1,1,0,1,1,1,0,1,1,1,0,0,1
0,0,1,1,0,1,1,1,1,0,0,1,1,1,0,1,1,1,1,1,1,1,1,0,1
1,1,1,1,1,1,1,1,1,0,1,0,1,1,0,1,1,1,1,1,0,1,1,0,1
1,1,1,1,1,1,1,1,0,0,1,1,1,1,1,1,1,1,1,0,1,1,1,0,0
1,1,1,0,0,0,0,1,1,0,1,0,1,1,0,1,1,0,1,0,1,1,1,0,1
1,0,0,0,1,1,1,1,0,0,1,1,0,0,0,0,1,0,1,0,0,1,1,0,0
1,1,1,1,1,1,1,1,1,0,0,1,1,1,1,1,1,1,1,1,1,0,1,0,1
1,1,0,0,1,1,1,1,0,0,1,1,0,0,0,1,0,0,1,0,1,1,1,0,0
1,1,0,1,1,1,1,1,1,0,1,1,1,1,0,1,1,1,1,0,1,1,1,0,1
1,1,1,1,0,0,1,1,0,0,1,0,1,1,0,1,1,0,1,0,1,1,0,0,1
1,1,0,1,0,0,1,1,1,0,0,0,1,1,0,1,0,1,1,0,1,0,0,0,1
1,1,0,1,1,1,1,1,1,0,1,1,1,1,1,1,1,1,1,1,1,1,1,0,1
1,0,1,1,1,0,1,1,0,0,1,0,1,1,1,1,1,1,0,1,1,0,1,0,1
1,1,1,1,1,1,1,1,1,0,1,1,1,1,0,1,0,1,0,1,1,1,0,0,0
1,1,0,0,0,1,1,1,1,0,0,1,1,1,1,1,1,1,1,1,0,1,1,0,1
1,1,0,1,1,1,1,1,1,0,1,1,1,0,1,1,1,1,1,0,1,1,1,0,0
1,0,0,1,1,1,1,1,1,0,0,1,1,1,1,1,1,1,1,0,1,1,0,0,1
1,0,0,1,1,0,1,1,0,1,0,0,1,0,0,0,0,0,1,0,1,0,0,0,1
1,0,0,1,0,1,1,1,0,1,1,0,1,0,1,1,0,0,1,1,0,1,1,1,1
1,1,1,1,1,1,1,1,1,1,1,1,1,1,1,1,1,1,1,1,1,1,1,1,1
1,1,1,1,1,1,0,1,1,1,1,0,1,0,1,1,0,1,1,0,0,1,0,0,1
1,0,1,1,1,1,1,1,1,0,0,1,1,1,1,0,1,1,1,1,1,1,0,1,1
1,0,0,1,0,1,1,1,0,1,0,0,1,1,1,1,0,1,1,1,1,0,0,1,0
0,1,0,1,0,1,1,1,0,1,1,1,1,0,1,1,0,0,1,0,1,1,1,1,1
1,1,1,1,1,1,1,1,0,1,1,1,1,1,1,1,1,1,1,1,1,1,1,1,1
1,0,0,1,1,1,0,1,1,1,1,1,1,0,1,1,1,0,1,0,0,1,0,0,1
1,0,1,1,1,1,1,1,0,0,0,1,1,1,0,0,1,1,0,0,0,0,0,0,0
1,1,0,1,0,1,1,1,0,1,0,1,1,0,1,1,0,0,0,1,0,1,1,1,0
1,1,1,1,1,1,1,1,1,1,1,1,1,0,1,1,0,0,1,1,1,1,1,1,1
1,0,0,1,1,0,1,1,0,1,1,1,1,0,1,1,0,0,1,1,0,1,0,1,0
1,0,0,1,1,1,1,1,1,1,0,0,1,0,1,0,0,0,1,0,0,0,1,1,1
1,1,1,1,1,1,1,1,1,1,1,1,1,0,1,1,1,1,1,1,1,1,1,1,1
0,0,1,1,0,0,1,1,0,1,0,0,0,1,1,1,0,1,1,0,1,1,0,0,1
1,1,1,1,1,0,1,1,1,1,0,1,1,1,1,1,1,0,1,1,1,1,1,1,1
1,1,1,1,0,1,1,1,0,1,1,0,1,0,1,1,0,0,1,1,0,1,1,1,1
1,0,0,1,1,1,1,1,1,1,1,1,1,0,1,1,1,1,1,1,1,1,1,0,1
1,0,1,1,0,1,1,1,0,1,1,1,1,1,1,0,0,0,1,0,1,1,0,0,1
1,1,0,1,1,0,1,1,1,1,1,1,1,1,1,1,0,0,1,1,0,1,1,1,1
1,1,0,1,1,1,1,1,1,1,1,1,1,0,1,0,0,1,1,1,0,1,1,1,1
1,1,1,1,0,1,1,1,0,1,0,1,1,1,1,1,1,1,1,1,1,1,1,1,1
1,0,0,1,0,1,1,1,0,1,1,1,1,0,1,1,0,0,1,1,0,1,1,1,1
1,1,0,1,0,0,1,1,0,0,0,0,1,1,1,0,0,1,1,1,1,0,0,0,1
1,1,0,1,1,1,1,1,0,1,1,1,1,1,1,1,0,1,1,1,1,1,1,1,1
1,1,0,1,0,1,1,1,1,1,1,1,1,1,1,1,0,1,1,1,0,1,0,1,0
1,1,0,1,1,1,1,1,1,1,1,1,1,0,1,0,0,0,1,1,1,1,1,1,1
1,0,1,1,1,1,1,1,0,1,1,0,1,0,1,1,0,0,1,0,0,1,0,1,1
1,1,0,1,1,1,1,0,1,1,1,0,1,0,1,1,0,1,1,0,0,0,0,1,1
0,1,1,1,1,1,1,1,0,1,0,0,1,0,1,1,0,0,1,1,1,1,0,1,1
1,0,0,1,0,1,0,1,0,1,0,0,1,0,1,1,0,0,1,1,0,0,1,1,1
0,0,0,1,0,0,1,1,1,1,0,1,1,1,1,1,0,0,1,1,0,0,0,1,1
1,0,0,1,1,0,1,1,1,0,0,0,1,0,1,0,1,0,1,0,0,0,0,1,0
1,1,1,1,1,1,1,1,1,0,1,1,1,1,1,0,0,0,1,0,1,1,1,1,1
1,1,1,1,0,1,1,1,0,1,1,0,1,1,1,0,0,0,1,1,1,1,1,1,0
1,0,0,1,0,1,1,1,0,1,1,1,1,1,1,1,0,0,1,0,1,0,1,0,1
1,1,0,1,0,0,1,1,0,1,1,0,0,1,1,1,0,0,1,1,0,0,0,1,1
1,1,1,1,1,1,1,1,1,1,1,1,1,1,1,1,1,1,0,1,0,1,1,0,1
1,1,0,1,1,1,1,1,1,1,0,1,1,1,1,1,1,1,1,1,0,0,1,1,1
1,0,0,1,1,1,1,1,1,1,1,1,0,1,1,1,0,1,1,1,1,1,1,1,1
1,0,0,1,1,1,1,1,0,1,1,0,1,0,1,1,0,1,1,0,1,1,1,0,1
0,1,0,1,0,0,1,1,0,1,0,1,1,0,1,0,0,0,1,1,1,0,0,1,1
1,1,1,1,1,1,1,1,0,1,1,1,1,1,1,0,1,1,1,0,1,1,1,1,1
1,1,0,1,1,1,1,1,0,1,1,1,1,1,1,1,1,1,1,1,1,1,1,1,1
1,1,0,1,1,1,1,1,1,1,0,0,1,0,1,1,0,0,1,0,0,1,1,0,1
1,0,0,1,0,1,1,1,0,0,0,0,1,0,1,0,0,1,1,0,0,0,1,1,0
1,1,1,1,0,0,1,1,1,0,1,0,1,1,1,1,0,0,1,1,0,1,0,1,0
1,0,0,1,1,1,1,1,1,0,1,1,1,1,1,1,0,0,1,0,0,1,0,1,1
1,1,1,1,1,1,1,1,1,1,1,1,1,1,1,1,1,1,0,1,1,1,1,1,1
1,0,1,1,1,1,1,1,1,0,1,0,1,0,1,1,0,0,1,1,0,0,0,1,0
1,1,0,1,0,1,1,1,1,1,1,1,1,1,1,1,0,1,1,1,1,1,1,1,1
1,0,0,1,0,1,1,1,0,1,1,1,1,1,1,1,1,0,0,1,0,1,1,1,1
1,1,0,1,0,0,1,1,0,1,1,0,1,0,1,1,1,1,1,1,0,1,1,1,1
1,1,0,1,1,1,1,1,0,1,1,1,1,0,1,1,0,1,1,0,1,1,1,1,0
1,1,1,1,1,1,1,1,1,1,1,1,1,1,1,1,1,1,1,1,1,1,1,1,0
1,1,1,1,1,1,1,1,0,1,1,1,1,1,1,1,0,0,1,1,1,0,1,1,1
1,1,1,1,1,0,1,1,0,1,1,1,1,1,1,1,0,1,1,1,1,0,1,1,1
1,0,0,0,0,1,1,0,0,1,0,0,1,1,0,1,1,1,0,1,1,1,0,1,1
1,1,1,1,1,1,1,1,1,1,1,1,1,1,1,1,1,0,1,1,1,1,1,1,1
1,1,1,1,1,0,1,1,0,1,0,1,1,0,1,1,0,1,1,1,1,1,0,0,1
1,1,0,1,1,1,1,1,0,1,1,0,1,1,1,1,0,1,1,1,1,1,1,1,0
1,1,1,1,1,1,1,1,0,1,1,1,1,1,1,1,1,1,1,1,1,1,1,1,1
1,0,0,1,0,1,1,1,0,0,1,0,1,1,1,1,0,1,1,1,1,0,0,1,0
1,0,1,1,1,0,1,1,0,1,1,1,1,1,1,1,0,0,0,1,0,1,0,1,1
1,0,0,1,0,1,1,1,0,1,0,0,0,0,1,0,0,1,1,0,0,0,0,0,1
1,1,0,0,0,1,1,1,0,1,1,1,1,1,1,0,0,0,1,0,0,0,1,0,0
1,0,0,1,1,1,1,1,1,1,1,1,1,0,1,0,0,1,1,1,1,1,0,1,1
1,1,0,1,0,1,1,1,1,1,1,0,1,1,1,1,0,1,1,1,1,1,1,0,0
1,0,0,1,1,1,1,1,1,1,0,0,1,0,1,0,0,0,1,1,1,0,0,1,1
1,1,0,1,1,1,1,1,0,1,0,0,1,0,1,1,1,1,1,0,1,1,0,1,1
1,1,1,1,1,1,1,1,1,1,1,1,1,1,1,1,1,1,1,1,1,1,1,1,1
1,0,1,1,1,1,1,1,0,1,1,1,1,0,1,1,1,0,1,1,1,1,1,1,1
1,1,1,1,1,1,1,1,0,1,1,1,1,1,1,1,0,1,1,1,1,1,1,0,1
1,0,0,1,1,1,1,1,1,1,1,1,1,1,1,1,1,1,1,1,1,1,1,1,1
1,1,1,1,1,1,1,1,1,1,1,1,1,1,1,1,1,1,1,1,1,1,1,1,1
1,1,1,1,1,1,1,1,1,1,1,1,1,1,1,1,1,0,1,1,1,1,1,1,1
1,0,1,1,1,1,1,1,1,1,1,0,1,1,1,0,0,1,1,1,1,1,1,1,0
1,1,0,1,1,0,1,1,1,1,0,1,1,0,1,1,1,1,1,0,1,1,1,0,1
1,1,0,1,0,1,1,1,0,1,1,0,1,1,0,1,0,0,1,0,0,1,1,1,1
1,1,0,1,1,1,1,1,1,1,1,1,1,1,1,1,1,1,1,1,0,1,1,1,1
0,1,0,1,0,0,1,1,0,1,1,1,1,0,1,1,0,1,1,0,0,1,1,0,1
1,1,0,1,0,1,1,1,1,1,1,1,1,0,1,1,0,1,1,1,1,1,1,0,0
1,1,1,1,1,1,1,1,1,1,1,0,1,1,1,1,0,1,1,1,1,1,1,1,1
1,1,1,1,0,1,0,1,0,1,0,1,1,0,1,1,0,0,1,0,0,1,1,1,1
1,1,1,1,1,1,1,1,0,1,1,1,1,0,1,1,0,1,1,1,1,0,1,1,1
1,0,1,1,1,1,1,1,1,1,1,0,1,1,1,1,0,0,1,1,1,1,1,1,0
1,0,0,1,0,1,0,1,0,1,0,0,1,0,1,1,0,1,1,0,0,1,1,0,1
0,1,0,0,0,1,0,1,0,1,1,1,1,1,1,1,0,0,1,1,0,1,1,0,0
1,0,0,1,1,1,1,1,1,1,1,1,1,1,1,1,0,1,0,1,0,1,1,1,1
1,1,0,1,0,1,1,1,0,1,1,0,1,1,1,1,0,0,0,1,0,1,1,1,0
0,1,0,1,0,1,1,1,0,1,1,0,1,0,0,0,0,0,1,1,1,1,1,0,0
1,1,0,1,0,1,1,1,1,1,1,0,1,1,1,1,0,1,1,1,1,1,0,0,1
1,0,1,1,1,1,1,1,0,1,1,1,1,0,1,1,0,0,1,1,1,1,1,0,1
0,1,0,0,0,0,1,0,0,0,0,0,0,0,1,0,1,0,0,0,0,1,1,0,1
1,0,1,0,0,1,0,1,0,0,0,1,1,1,0,1,0,0,1,0,1,0,1,0,1
1,1,0,1,1,1,1,1,1,1,0,1,1,1,0,1,0,1,1,1,0,1,1,0,1
1,1,1,0,1,1,1,1,0,0,0,0,1,0,0,0,0,0,0,0,0,0,1,0,1
1,0,1,0,1,1,0,1,0,0,1,1,0,1,0,0,0,1,1,0,0,1,0,0,0
1,0,0,1,0,1,1,1,0,1,1,1,1,1,1,1,0,1,1,0,0,1,1,1,1
1,1,0,1,1,1,1,1,0,0,0,1,1,1,0,0,0,0,1,0,1,0,1,1,1
1,1,1,0,1,0,1,0,1,1,1,1,1,1,1,1,1,1,1,1,1,1,1,0,1
1,0,1,0,1,1,1,1,0,1,1,0,0,0,0,1,0,1,1,0,0,1,1,0,1
0,0,1,0,1,1,1,1,0,1,1,1,1,1,0,1,1,1,1,0,1,0,1,1,1
1,1,1,1,1,1,1,1,1,1,1,1,1,1,1,0,1,1,1,1,1,1,1,1,1
1,1,1,1,0,1,1,1,1,1,1,0,1,1,1,1,1,0,1,1,1,1,1,0,0
1,1,0,1,1,1,1,1,1,1,1,1,1,1,1,1,1,1,1,1,0,1,1,0,1
1,1,0,1,1,1,1,0,0,1,0,1,1,1,1,1,1,0,1,1,1,1,0,0,1
1,0,1,1,0,1,0,1,0,1,1,1,1,1,1,1,1,1,0,0,1,0,1,1,1
1,1,0,0,0,1,1,1,0,1,1,1,1,1,0,1,0,0,0,1,0,1,0,1,1
0,0,1,0,0,1,1,0,0,1,1,0,0,0,0,1,0,0,1,0,0,1,1,0,0
1,0,1,0,0,1,1,1,0,1,0,1,1,1,0,1,1,0,1,0,0,0,0,0,1
0,1,0,1,1,1,1,1,1,0,1,1,1,1,0,1,1,1,0,1,1,1,1,0,1
1,1,0,1,1,1,1,0,1,1,1,0,0,1,0,1,0,1,1,1,1,0,1,1,1
1,1,1,1,1,1,1,1,1,1,0,1,1,1,0,1,1,1,0,0,1,1,1,1,1
1,1,0,1,1,1,1,1,1,1,1,1,1,1,1,1,0,1,1,1,0,1,1,1,1
1,1,0,1,1,1,1,1,1,1,1,1,1,1,1,0,1,1,0,1,1,1,1,1,1
1,1,1,1,1,1,1,1,1,1,1,1,1,1,0,1,1,1,1,1,1,1,1,1,1
1,1,0,1,1,1,0,1,0,1,1,1,1,1,0,1,1,1,1,1,1,1,1,0,1
0,0,0,0,0,0,0,1,0,0,0,0,1,0,0,1,1,0,0,0,1,0,0,0,1
1,0,0,0,1,0,1,1,0,1,1,1,1,0,1,1,0,1,0,0,0,0,1,0,0
1,1,0,1,0,1,1,1,0,0,1,1,1,1,0,1,0,1,1,1,1,0,1,1,1
1,1,0,1,1,1,1,1,1,1,0,1,1,0,1,1,0,1,0,1,0,1,1,1,0
1,1,1,1,0,1,1,1,0,1,0,1,1,1,1,1,0,1,1,0,1,1,1,1,1
1,1,1,1,1,1,1,1,0,1,1,1,1,1,1,1,1,1,1,1,1,1,1,1,1
1,1,1,1,0,0,1,1,1,1,1,1,1,1,0,1,0,1,1,1,0,1,1,0,1
1,1,0,1,1,1,1,1,1,1,1,1,1,1,0,1,1,1,1,1,1,1,1,1,1
1,0,0,0,0,0,0,0,1,0,0,1,1,0,0,1,0,0,1,0,0,1,0,0,0
1,1,0,1,1,1,1,1,1,0,1,0,1,1,0,1,1,1,1,1,1,1,1,1,1
0,1,1,0,1,1,1,1,0,1,0,1,1,0,1,1,0,0,1,1,1,0,1,0,1
1,0,0,0,1,1,0,1,0,1,1,1,1,1,1,1,1,0,1,0,0,1,0,0,0
0,0,0,0,1,0,1,1,0,1,1,1,1,1,0,0,0,0,1,0,1,0,1,0,1
0,0,0,0,0,0,0,1,0,0,1,0,0,1,0,0,0,0,0,0,0,0,0,0,0
1,1,1,0,1,1,0,1,1,1,0,1,1,1,0,1,1,1,1,0,1,0,1,0,1
0,0,1,1,1,0,0,1,0,1,1,0,1,0,1,1,0,1,1,0,0,0,1,0,1
1,1,0,1,1,1,1,1,0,0,1,1,1,1,0,1,0,1,1,0,1,1,1,1,1
1,1,1,1,1,1,1,1,1,1,1,0,1,1,0,1,1,1,1,1,1,0,1,1,1
1,1,0,1,1,1,1,1,1,0,1,1,1,1,0,1,1,1,1,0,1,0,1,1,1
0,1,0,0,0,1,1,1,0,0,0,0,1,0,0,0,0,0,0,0,0,1,0,1,1
1,1,1,1,1,1,1,1,0,1,1,1,0,1,0,1,0,0,1,1,1,1,1,1,1
0,1,0,0,1,1,1,1,1,1,1,1,1,1,0,1,0,0,1,0,0,1,1,1,1
1,1,1,1,1,1,1,1,1,1,1,1,1,1,1,1,1,1,1,1,0,1,1,1,1
1,0,0,1,1,1,1,1,0,1,1,1,1,1,0,1,0,0,0,0,1,0,0,0,0
1,1,0,1,1,1,1,1,1,1,1,1,1,1,0,1,1,1,1,1,1,1,1,1,1
1,1,1,1,1,1,1,1,1,1,1,1,1,1,0,1,1,1,1,1,1,0,1,1,1
1,1,1,1,1,1,1,1,1,1,1,1,1,1,1,1,1,1,1,1,0,1,0,1,1
0,1,0,1,0,1,1,1,0,0,1,1,1,1,0,1,0,1,0,1,1,1,1,1,0
1,1,0,1,1,1,1,1,1,1,1,0,1,0,1,1,0,1,1,1,1,0,1,1,1
1,0,1,1,1,1,1,1,1,1,1,0,1,1,1,1,1,1,1,1,1,1,0,0,1
0,1,1,1,0,1,0,1,0,1,0,1,1,1,0,0,0,0,1,1,0,0,1,0,1
1,1,1,1,1,0,1,1,1,1,1,0,1,1,0,0,0,0,1,0,1,1,1,1,1
1,1,1,1,1,1,1,1,1,1,1,1,1,1,0,1,1,1,1,1,1,0,1,1,1
1,1,0,1,1,1,1,0,0,1,0,0,1,0,0,1,1,1,1,0,1,1,1,0,1
1,1,1,1,1,1,1,1,1,0,1,1,1,1,1,1,1,1,1,1,1,1,1,1,1
1,1,0,0,1,1,1,1,0,0,0,0,1,1,0,1,0,0,1,0,1,0,1,0,0
1,1,0,1,1,1,1,1,1,1,1,1,1,1,1,1,1,1,1,1,1,1,1,1,1
1,1,1,1,1,1,1,1,1,1,1,1,1,1,1,1,0,1,1,1,1,1,1,1,1
1,1,1,1,1,1,1,1,0,1,1,1,1,1,0,1,0,1,1,1,1,1,1,1,1
1,1,1,1,1,1,1,1,1,1,1,1,1,1,0,1,1,1,1,1,1,1,1,1,1
1,1,0,1,1,1,1,1,0,1,1,1,1,0,1,1,1,1,1,0,1,1,1,1,1
1,1,1,1,0,1,1,1,1,1,1,1,1,1,0,1,1,0,1,1,0,0,1,1,1
1,1,0,0,1,1,1,1,1,1,1,1,1,1,1,1,1,0,1,1,1,1,1,1,1
1,1,1,1,1,1,0,1,1,1,1,0,1,1,1,1,0,1,1,0,1,1,1,1,1
0,1,0,0,1,1,1,1,0,0,1,1,1,1,0,1,1,1,1,1,1,0,1,0,1
1,0,0,1,1,1,0,1,0,0,1,1,1,1,0,1,1,1,1,0,0,0,1,1,1
1,0,0,1,1,1,1,1,0,1,1,1,1,1,1,1,1,1,1,1,1,0,1,0,1
1,1,1,1,0,1,1,1,0,1,1,1,1,1,0,1,1,0,1,0,1,1,1,0,0
1,1,1,1,1,1,1,1,1,1,1,1,1,1,1,0,1,1,1,1,1,1,1,0,1
0,1,1,0,1,1,1,1,1,0,1,1,1,0,1,0,0,1,1,0,0,1,1,1,1
1,1,1,1,1,1,1,1,1,1,1,1,1,0,0,1,0,1,1,0,1,1,1,0,1
1,1,0,1,1,1,1,1,1,1,1,0,1,1,0,1,1,0,1,1,1,1,1,0,1
1,1,1,1,1,1,0,1,1,1,1,0,1,1,1,1,1,1,1,0,1,0,1,1,0
1,0,0,1,1,1,1,1,1,1,1,1,1,1,1,1,1,1,1,1,1,0,1,1,1
0,1,0,1,0,0,0,1,0,1,1,1,1,1,0,1,0,0,1,0,0,0,1,0,0
1,1,0,0,1,1,1,1,1,1,1,1,1,1,0,0,0,1,1,0,1,1,1,1,1
1,1,1,1,1,1,1,1,1,1,0,0,1,1,0,1,0,0,1,1,0,1,1,1,1
0,1,1,1,1,1,1,1,0,0,1,0,1,1,0,1,1,1,1,0,1,0,1,0,1
1,1,0,1,1,1,1,1,1,1,1,1,1,1,0,0,1,0,1,0,1,1,1,1,0
1,1,1,1,1,1,1,1,1,1,1,1,1,0,1,1,0,1,1,0,1,0,1,1,1
1,1,0,1,1,1,1,1,1,0,0,0,1,0,1,0,0,0,1,0,1,1,1,0,0
1,1,0,0,1,1,1,1,0,0,1,1,1,0,1,1,0,0,1,0,1,0,1,0,1
1,1,0,1,1,1,1,1,0,1,1,0,1,1,0,1,0,1,1,1,0,0,1,0,1
0,1,0,0,0,1,1,1,0,0,0,1,0,0,1,1,0,1,1,1,0,0,1,0,1
0,0,1,1,0,1,0,1,0,1,1,1,1,1,0,1,0,1,1,0,0,0,1,0,1
1,1,1,1,1,1,1,1,0,0,1,1,1,1,0,1,1,0,1,1,0,1,1,1,1
1,1,0,1,1,1,1,0,1,0,1,1,1,0,0,1,1,1,1,1,0,1,1,1,1
1,0,0,1,0,1,1,1,0,0,1,0,1,1,0,1,0,1,0,0,0,1,1,0,1
1,1,1,1,1,1,1,1,1,0,1,1,1,0,1,1,1,0,1,1,1,1,1,1,1
1,1,0,1,0,1,1,0,0,1,1,1,1,1,1,1,0,0,1,1,1,1,1,0,1
1,1,0,1,1,1,0,1,0,1,1,1,1,1,0,1,1,1,1,1,1,1,1,1,1
1,1,0,1,0,1,1,1,1,1,1,1,1,1,1,1,1,1,1,0,1,1,1,1,1
1,1,0,1,0,1,0,1,0,1,0,1,1,1,0,0,0,1,1,0,0,0,1,0,0
0,1,1,1,1,1,1,1,0,1,1,1,1,0,1,1,1,1,1,1,0,1,1,1,1
1,1,1,1,1,1,1,1,1,1,1,0,1,1,0,1,0,1,1,0,0,1,1,1,1
1,1,0,1,1,1,1,1,1,1,1,1,1,1,0,1,1,1,1,1,1,1,1,1,1
0,1,0,0,1,1,1,1,0,1,1,1,1,1,0,1,0,0,1,0,0,1,1,1,1
1,1,1,1,1,1,0,1,1,1,1,1,1,1,1,1,1,1,0,1,1,1,1,1,1
1,1,1,1,1,1,1,1,1,1,1,1,1,1,1,1,1,1,1,0,1,1,1,1,1
1,0,1,0,1,0,1,1,1,0,0,1,1,1,0,0,0,0,1,0,1,0,1,0,1
0,1,0,1,1,1,1,1,0,1,0,1,1,0,0,0,0,0,1,0,0,0,1,0,0
1,1,1,1,1,1,1,1,1,1,1,1,1,1,1,1,1,1,1,0,1,1,1,1,1
1,1,0,1,0,1,1,0,1,1,1,1,1,1,0,1,1,1,1,0,1,1,1,1,0
1,1,0,1,1,1,1,1,0,0,1,1,1,1,1,1,1,1,1,1,1,1,1,1,1
1,1,1,1,1,1,1,1,0,1,1,1,1,1,0,1,1,1,1,1,1,1,1,1,1
1,1,0,1,0,0,1,1,0,1,0,0,1,1,1,1,1,0,1,0,1,0,0,1,1
1,1,1,1,0,1,0,1,0,1,1,1,0,0,1,0,0,0,1,0,1,0,0,0,0
1,1,0,1,1,1,1,1,1,1,1,1,1,1,1,1,1,1,1,0,1,1,1,1,1
1,1,0,1,1,1,0,1,0,1,1,0,1,1,0,0,0,1,1,0,0,1,1,1,1
1,1,0,1,1,1,1,1,0,1,1,0,1,1,0,1,1,1,1,0,1,1,1,1,1
0,1,0,1,1,0,0,1,0,0,1,1,1,1,0,1,1,1,0,0,1,1,1,0,0
0,0,0,1,0,1,1,1,1,1,0,0,1,0,1,0,1,0,1,0,0,0,0,1,1
1,1,0,1,0,1,1,1,0,1,1,0,1,1,0,1,1,1,1,1,0,0,1,1,1
0,1,1,1,0,1,1,1,0,1,0,1,1,1,0,1,0,1,1,0,1,0,1,1,0
1,1,1,1,0,1,1,1,0,0,1,1,1,1,1,1,0,1,1,1,1,0,1,1,1
1,1,0,1,1,1,1,1,1,1,1,1,1,1,1,1,1,1,0,1,1,1,1,1,1
1,1,1,1,0,1,1,1,0,1,1,1,0,1,1,1,1,1,1,1,1,0,1,0,1
1,1,0,1,1,1,1,1,1,0,1,1,1,1,1,1,0,0,1,0,0,1,1,1,1
1,1,0,1,1,1,1,1,1,0,1,1,1,1,0,1,0,1,1,1,0,0,1,1,1
1,1,0,1,1,1,1,1,0,1,1,1,1,1,1,1,0,1,1,1,1,1,1,1,0
1,1,1,1,1,1,1,1,1,1,1,1,1,1,1,1,0,1,0,1,1,1,1,1,1
1,1,1,1,0,1,0,1,0,1,1,1,1,1,1,1,0,1,1,1,1,0,1,0,1
0,1,0,0,0,1,0,1,1,1,1,1,1,1,0,1,1,0,1,1,1,1,1,1,1
1,1,0,0,1,1,1,1,1,1,1,1,1,1,1,1,1,1,1,1,0,1,1,0,1
1,1,0,1,1,1,1,1,1,1,1,0,1,1,1,1,0,1,1,0,1,0,1,1,0
1,1,0,1,1,1,1,0,1,1,1,1,1,1,1,1,0,1,1,0,1,0,1,0,0
1,1,0,1,1,1,1,1,1,1,1,1,1,1,0,1,1,1,1,1,1,0,1,1,1
1,1,0,1,1,1,1,1,0,0,1,1,1,1,0,1,0,1,1,0,0,0,1,0,0
1,1,1,1,0,0,1,1,1,1,1,0,1,1,0,1,1,1,1,0,1,0,1,1,1
0,1,0,0,0,1,1,1,0,1,0,1,0,0,0,1,1,1,0,0,1,0,1,0,1
1,1,0,1,0,1,1,1,0,1,1,1,1,1,1,1,0,1,1,0,0,1,1,1,1
1,0,1,1,1,1,1,1,0,1,0,0,1,1,1,1,1,1,1,0,0,0,0,1,1
0,0,1,1,1,1,1,1,1,1,1,0,1,1,0,1,0,0,1,0,1,0,0,0,0
1,1,0,0,1,1,1,1,1,1,0,1,1,0,1,1,1,1,1,0,0,1,1,0,1
0,1,1,0,1,1,1,1,0,0,0,0,1,0,1,1,0,0,1,0,0,0,1,0,0
1,0,0,0,0,1,0,1,0,0,1,0,0,1,0,1,0,0,1,0,1,1,1,0,1
0,1,0,0,0,1,0,1,0,1,1,1,1,1,0,1,0,0,1,0,1,1,1,0,1
1,1,0,0,1,1,0,1,0,1,1,1,0,1,0,0,0,1,1,1,1,0,1,0,0
1,1,1,1,1,1,1,1,1,1,1,1,1,1,0,1,1,1,1,1,1,0,1,1,1
0,1,1,1,1,1,1,1,1,1,1,0,1,1,1,1,1,1,1,0,1,1,1,1,1
1,1,0,1,1,1,1,1,1,1,0,1,1,1,0,1,1,1,1,1,0,1,0,0,1
1,1,0,1,1,1,1,1,1,1,1,1,1,1,0,1,1,1,0,1,0,1,1,1,1
1,0,1,0,1,1,1,1,1,1,0,1,0,0,0,1,0,0,0,1,0,0,1,1,0
1,0,0,1,1,1,1,1,1,0,0,0,1,1,0,0,0,0,1,0,0,0,1,0,1
0,1,0,0,0,1,1,1,0,1,1,1,1,0,1,1,1,1,1,0,1,0,1,0,1
0,1,1,0,1,1,1,1,1,1,1,1,1,0,0,1,0,1,1,1,1,1,1,1,1
1,1,0,0,1,1,1,1,0,1,1,1,1,1,1,0,0,1,1,0,1,1,1,1,1
1,1,1,1,0,0,1,1,1,1,0,1,1,0,0,0,0,0,1,0,0,0,1,0,1
1,1,1,1,1,1,1,1,0,1,1,1,1,1,0,1,1,1,1,1,0,0,0,1,1
0,1,1,1,1,1,1,1,1,1,1,1,1,1,1,1,0,1,0,1,1,0,1,1,0
1,1,1,1,0,1,1,1,1,0,0,0,1,1,1,1,0,1,1,1,0,1,1,1,1
0,1,0,1,1,1,1,1,1,1,0,1,1,1,0,1,1,1,1,1,1,1,1,0,1
1,1,0,1,1,1,1,1,0,1,1,1,1,1,0,1,1,1,1,1,1,1,1,1,1
1,1,0,1,1,1,1,1,0,1,1,0,1,1,1,1,1,1,1,1,0,1,1,1,0
1,1,1,1,1,1,1,1,1,1,1,1,1,1,0,1,1,1,1,1,1,1,0,1,1
1,1,1,1,1,1,1,1,1,1,1,1,1,1,1,1,1,1,1,1,0,1,1,1,1
0,1,0,0,0,1,1,1,0,0,1,0,1,1,1,1,1,1,1,0,0,1,1,0,0
1,1,0,1,1,1,1,1,1,1,1,1,1,1,1,1,0,0,1,1,1,1,1,1,1
1,1,1,1,0,1,1,1,0,1,1,1,1,1,0,1,1,0,1,0,1,1,1,1,1
1,1,1,0,1,1,1,1,0,1,0,1,1,1,0,1,1,1,1,0,1,1,1,0,1
1,1,0,1,1,1,1,1,0,1,1,1,1,1,0,1,1,1,1,1,1,0,1,1,1
0,1,0,0,0,1,1,1,1,0,1,1,1,0,1,1,0,1,1,1,1,0,1,0,1
1,1,1,1,1,1,1,0,1,1,1,1,0,1,0,0,1,1,0,1,0,0,1,1,0
0,0,1,1,0,0,1,1,0,1,0,1,0,1,1,1,0,1,1,0,0,1,1,0,1
0,1,1,1,0,1,0,1,0,0,0,1,0,1,0,1,1,1,1,0,0,0,1,0,1
1,1,0,1,1,1,1,1,1,1,1,1,1,1,1,1,1,0,1,1,1,0,0,1,1
1,0,0,1,1,0,1,1,1,0,1,1,1,1,0,1,0,0,1,1,0,1,1,1,1
1,1,1,1,1,1,0,1,1,1,1,1,1,0,0,1,1,1,1,1,0,1,1,0,1
1,1,1,1,1,1,1,1,0,1,1,1,1,1,1,1,1,1,1,1,1,1,1,1,1
1,0,0,0,0,1,1,1,1,1,1,0,1,0,0,1,0,0,1,0,0,0,1,0,0
1,1,1,1,1,1,1,1,0,0,1,1,1,1,1,1,1,1,1,0,0,0,1,0,1
1,1,1,1,1,1,1,1,1,0,0,1,1,1,0,1,0,1,1,1,1,1,1,1,1
1,1,0,1,1,1,1,1,0,1,1,1,1,1,0,1,1,1,1,1,0,1,1,1,1
1,1,0,1,1,1,1,1,0,0,1,1,1,0,0,1,0,1,1,1,0,1,1,1,1
1,1,0,1,1,1,1,1,1,1,0,1,1,1,0,1,1,1,1,0,0,0,1,0,1
0,1,0,1,1,1,1,1,1,1,1,1,1,1,0,1,1,1,1,0,1,1,1,0,1
1,1,1,1,1,1,1,1,1,0,1,1,1,1,0,1,1,1,1,1,1,1,1,1,0
0,0,1,0,0,1,0,1,1,0,0,1,0,1,0,0,0,0,1,0,0,0,1,0,0
0,0,1,0,0,1,0,1,0,1,0,0,0,0,0,1,0,1,1,0,1,1,0,1,1
1,1,1,1,1,1,1,1,1,1,1,0,1,1,0,1,1,1,1,0,1,1,1,0,1
1,1,1,1,1,1,1,1,1,1,1,1,1,1,1,1,1,1,1,0,1,1,0,1,1
0,0,0,1,0,1,1,1,0,0,1,1,1,1,1,1,1,1,1,0,1,1,0,1,1
0,1,1,1,0,0,0,1,0,1,0,0,0,0,0,0,0,0,1,0,1,0,0,0,1
0,1,0,1,1,1,1,1,1,1,1,1,1,1,0,1,0,0,1,1,0,1,1,1,0
1,0,1,1,0,1,1,1,0,1,0,1,1,1,1,1,0,1,1,0,0,0,1,0,1
1,1,0,1,1,1,0,1,0,1,1,1,1,1,0,1,0,0,1,1,0,0,1,1,0
1,0,0,0,0,1,1,1,0,1,1,1,1,0,1,1,1,1,1,0,1,0,0,1,1
1,1,1,1,1,1,1,1,1,1,0,1,1,1,1,1,0,1,1,1,1,0,1,1,1
1,1,0,1,1,0,1,1,1,1,0,1,1,1,0,0,1,1,1,0,0,1,0,1,0
1,1,0,1,1,1,1,1,1,1,0,0,1,1,1,1,0,1,1,0,1,1,1,1,0
1,1,0,1,1,1,1,1,0,1,0,1,1,0,0,1,0,1,1,0,1,1,0,1,1
1,1,0,1,1,1,1,0,1,1,0,0,1,1,1,1,0,1,1,1,1,1,0,1,1
1,0,0,1,1,1,0,1,1,1,0,1,1,1,0,1,1,1,1,1,0,1,1,1,1
1,1,0,1,1,0,0,1,1,0,1,1,1,1,1,1,1,1,1,0,1,1,1,0,0
1,1,0,1,1,1,1,1,1,1,1,1,1,1,1,1,1,1,1,1,1,1,1,1,1
1,1,1,0,1,1,1,1,1,0,1,0,1,1,0,1,1,1,1,0,1,1,1,0,1
1,1,0,1,1,1,0,1,0,1,1,1,1,1,1,1,1,1,1,1,0,1,1,1,1
1,1,0,0,1,1,1,0,1,1,0,1,1,1,0,1,0,1,1,0,1,1,1,0,1
1,0,1,1,1,1,0,1,0,1,0,0,1,1,1,0,1,1,1,0,1,1,0,1,0
0,1,1,1,0,1,1,1,0,1,1,1,1,1,0,1,0,1,1,1,0,1,1,0,1
1,1,0,1,1,1,1,1,0,1,1,1,1,1,0,1,0,1,1,1,1,1,1,0,1
0,1,1,0,0,1,1,1,0,0,1,0,1,1,0,0,0,0,1,1,0,0,1,0,1
1,1,1,1,0,1,1,1,1,1,1,1,1,0,0,0,1,0,1,0,1,1,1,1,0
1,1,0,1,1,1,1,1,1,0,1,0,1,1,0,1,1,1,1,1,0,1,1,0,1
1,0,0,1,1,1,1,0,0,1,1,1,1,1,0,0,0,1,1,0,1,1,1,0,1
1,1,0,1,1,1,1,1,1,1,1,1,1,1,1,1,0,0,1,0,0,1,1,0,1
1,1,0,1,1,1,0,0,0,0,0,0,1,0,0,0,0,1,1,0,1,1,1,1,1
0,1,1,1,1,1,1,1,0,1,1,1,1,0,1,1,0,1,1,0,0,1,1,1,0
1,1,1,1,0,1,1,1,0,1,1,1,1,1,1,1,0,0,1,1,0,1,1,1,1
1,1,0,0,1,1,1,1,0,1,1,1,1,1,0,1,1,1,1,1,1,1,1,0,1
1,1,0,0,0,0,0,1,0,0,1,1,1,0,1,1,0,1,1,0,0,1,0,1,0
1,1,0,0,1,1,1,1,1,1,1,1,1,1,1,1,0,0,1,0,1,1,1,1,1
1,1,0,1,1,1,1,1,0,0,0,0,1,1,0,0,0,1,1,1,0,0,1,1,1
0,1,0,1,1,1,1,1,1,1,1,0,1,1,0,0,1,0,1,0,0,0,1,1,0
1,0,0,1,1,1,1,0,1,1,1,1,1,0,0,1,0,1,1,0,0,1,1,1,0
0,1,1,0,1,1,0,1,0,1,1,0,0,1,0,1,1,1,1,0,0,0,0,0,1
1,1,1,1,1,1,1,1,1,1,1,1,1,1,0,1,1,1,1,0,1,1,1,1,1
1,1,1,1,1,1,1,1,0,1,1,1,1,1,1,1,1,0,1,1,1,0,1,0,1
1,1,0,0,1,0,0,0,0,1,1,1,1,1,0,1,1,1,1,1,1,1,1,1,1
1,0,1,1,1,1,1,1,0,0,1,1,0,1,0,0,0,0,1,1,0,1,1,0,1
1,1,0,1,1,1,1,1,1,1,1,1,1,1,0,1,1,0,1,1,1,1,1,1,1
1,0,1,1,1,1,1,0,1,1,1,1,1,1,0,0,1,0,1,1,1,0,1,1,0
1,1,0,0,0,1,1,1,0,0,0,0,1,0,1,0,0,1,1,0,0,0,1,0,1
1,1,1,1,1,1,1,1,0,1,1,1,1,0,0,0,0,1,0,1,1,0,1,1,1
0,1,1,0,1,1,0,1,0,1,0,1,1,1,0,0,0,1,1,0,1,1,1,0,0
1,0,0,0,1,1,0,1,0,1,0,1,1,0,0,1,1,1,0,0,0,0,1,0,0
1,1,1,1,1,1,1,1,1,1,1,1,1,1,0,1,1,1,1,1,1,1,1,1,0
1,1,0,1,1,1,1,1,1,1,1,1,1,1,0,1,0,1,1,1,1,1,1,1,1
0,1,0,0,0,0,1,1,0,1,0,0,1,1,0,1,0,1,0,0,1,0,1,0,0
1,1,1,1,1,1,1,1,1,1,1,1,1,1,1,1,1,1,1,1,1,1,1,1,1
0,0,0,1,1,1,1,1,1,0,1,1,0,0,1,0,0,0,1,0,0,0,0,0,1
1,0,1,1,1,1,1,0,1,1,1,1,1,1,1,1,1,1,1,0,1,1,1,1,1
0,0,0,0,0,0,1,1,0,0,1,0,1,0,0,0,0,0,1,0,0,0,0,1,0
1,1,0,1,1,1,0,1,1,0,0,0,1,1,0,1,0,1,1,0,0,0,0,0,0
1,1,0,0,0,1,0,1,0,1,1,1,1,0,1,1,1,1,1,0,1,0,0,0,1
1,1,0,1,1,1,1,1,1,1,1,1,1,1,1,1,0,1,1,0,1,1,1,0,1
1,1,0,0,1,1,1,1,0,1,1,1,1,1,1,1,0,1,1,1,1,0,0,0,1
1,1,0,1,1,1,1,1,1,1,1,1,1,1,0,1,1,1,1,1,0,0,1,1,1
0,1,1,0,0,1,1,1,1,1,0,0,1,1,1,1,0,0,1,0,0,0,1,1,1
0,0,0,0,1,1,1,1,0,1,1,0,1,1,1,1,1,0,0,0,0,1,1,0,1
1,1,1,1,1,1,1,1,1,0,1,1,1,1,1,1,1,0,1,1,1,1,1,1,1
1,1,1,1,1,1,1,1,1,1,1,1,1,1,1,1,1,1,1,1,1,1,1,1,1
1,1,0,1,1,1,0,1,0,1,1,1,1,1,1,1,1,1,1,1,1,0,1,1,1
1,1,0,1,1,1,1,1,1,1,1,1,1,1,0,1,1,1,1,0,1,1,0,1,1
1,1,1,1,1,1,1,1,1,1,1,1,1,1,1,1,1,1,1,0,1,1,1,1,1
1,1,1,1,1,1,1,1,1,1,1,1,1,1,0,1,1,0,1,1,1,1,1,1,1
1,1,1,1,1,1,1,1,0,0,1,1,1,1,0,1,0,1,1,1,0,0,1,1,1
1,1,1,1,1,1,1,1,1,1,1,1,1,0,0,1,1,1,1,0,0,1,1,1,1
1,1,1,0,0,1,0,1,0,0,1,0,0,1,0,0,1,1,1,0,1,0,1,1,0
1,1,0,1,1,1,1,1,1,1,1,1,1,1,0,1,1,1,1,1,1,1,1,1,1
1,1,0,1,1,1,1,1,1,1,1,1,1,1,1,1,0,0,1,1,1,1,1,1,1
1,1,1,1,1,1,1,1,1,1,0,1,1,1,0,1,1,1,1,1,1,1,1,1,1
1,1,1,1,1,1,1,1,1,0,0,1,1,1,1,1,1,1,1,0,1,1,0,1,0
1,1,1,1,1,1,1,1,1,1,1,1,1,1,1,1,1,1,1,1,1,1,1,1,1
1,1,0,0,0,0,1,1,1,1,1,1,0,0,1,1,1,0,1,0,0,0,1,1,0
1,0,1,1,1,1,1,1,1,0,1,1,0,1,0,0,0,0,1,0,0,0,0,1,0
0,1,0,0,0,1,0,1,0,1,1,0,1,0,0,1,0,1,1,1,1,1,1,0,1
1,1,1,1,1,0,1,1,1,1,1,0,1,1,1,1,1,1,0,0,1,1,1,1,1
1,1,1,0,0,0,1,1,0,0,0,0,1,0,1,0,0,1,1,0,0,0,0,0,1
1,0,1,1,1,1,1,1,0,1,1,1,1,1,0,1,1,0,1,1,1,1,1,1,1
0,0,0,0,0,0,0,0,0,1,0,0,1,0,0,0,0,0,1,0,0,0,0,1,1
0,1,1,0,0,0,0,1,0,1,1,0,0,1,0,1,1,0,1,1,0,0,1,0,1
1,1,0,1,0,1,1,1,1,0,0,1,1,0,0,0,0,0,0,0,0,0,1,0,0
1,0,1,1,0,0,1,1,0,0,0,0,0,1,0,0,0,0,1,0,1,0,1,0,0
1,1,0,0,1,1,1,1,0,0,0,1,1,1,0,1,1,1,1,0,1,1,1,0,0
0,1,0,0,0,0,0,1,0,0,0,1,1,1,1,0,0,0,1,0,0,0,0,1,0
0,0,0,1,0,0,0,1,0,0,0,0,0,1,1,0,0,0,1,0,0,0,0,0,0
0,1,1,0,0,1,0,1,0,0,0,0,1,0,1,1,1,0,0,0,0,0,0,0,0
1,1,1,0,0,0,1,1,0,1,0,1,1,1,0,1,0,1,1,0,1,0,0,0,0
1,1,0,1,1,1,1,1,1,0,1,0,1,1,0,0,1,0,1,0,0,0,0,1,0
1,0,1,1,0,1,0,1,1,1,0,0,1,1,0,1,0,0,1,1,0,0,0,0,0
1,1,0,1,0,0,0,1,0,1,0,0,0,0,0,1,0,1,0,0,0,0,0,1,0
0,1,0,1,1,1,0,1,0,0,0,0,1,1,0,0,0,1,1,0,1,0,1,0,0
1,1,1,1,1,0,1,1,0,0,1,1,0,1,0,0,1,0,1,0,1,1,0,1,1
0,0,0,1,1,0,0,1,1,0,0,0,0,0,0,0,0,0,1,0,0,0,0,1,1
1,1,1,1,1,1,0,1,1,1,0,1,1,1,1,1,0,0,1,0,0,1,1,1,0
1,1,1,1,0,1,1,1,0,0,0,1,1,1,0,1,0,0,1,1,1,1,0,1,0
1,1,0,1,0,1,1,1,1,1,0,0,1,0,1,1,0,0,1,0,1,0,1,1,1
1,1,1,1,1,1,1,1,1,1,1,0,1,1,0,1,1,0,1,1,1,1,0,1,1
1,1,0,1,0,1,1,1,1,0,0,1,1,0,0,1,1,1,1,0,0,1,0,0,0
1,1,0,1,1,0,1,1,1,1,0,0,0,0,1,1,1,0,1,0,1,1,1,0,0
1,1,1,1,1,1,0,1,1,1,1,1,1,0,1,1,1,1,1,1,1,1,1,1,1
1,1,0,1,1,1,0,1,0,0,0,0,1,1,1,0,0,0,0,0,0,0,1,1,0
1,1,1,1,1,1,1,1,1,0,1,1,1,1,1,1,1,0,1,1,1,1,0,1,1
1,1,0,1,1,1,1,0,0,1,0,0,1,1,1,0,0,1,0,0,0,1,0,1,0
1,0,1,0,1,0,0,1,0,0,0,0,1,0,1,1,1,0,1,0,0,0,0,1,1
0,1,1,1,0,0,1,1,0,0,0,1,1,0,0,0,0,0,1,0,1,0,1,0,0
1,1,0,0,1,1,1,1,1,0,1,1,1,1,1,1,1,0,1,0,0,0,0,1,1
0,1,0,0,0,0,1,1,1,0,0,0,0,0,0,0,0,0,1,0,0,0,1,0,1
1,0,1,1,1,1,1,1,0,0,0,1,1,0,1,1,0,1,1,0,1,0,0,0,1
1,1,1,1,1,1,1,1,1,0,0,1,1,0,1,1,1,1,1,0,0,1,0,1,1
1,0,0,1,1,0,1,1,0,0,0,1,0,0,1,0,0,0,1,1,0,1,0,0,1
1,0,1,1,1,1,1,1,0,0,0,0,1,1,1,1,1,0,0,0,1,1,0,0,0
1,1,1,1,1,1,1,1,1,1,0,0,1,1,1,0,0,1,1,0,0,0,1,0,1
0,1,1,0,0,1,1,1,0,1,0,0,1,1,1,1,1,0,0,0,1,0,0,0,1
0,0,0,1,0,0,0,1,0,1,0,1,0,0,1,0,0,1,0,0,0,0,0,0,0
0,0,0,0,0,1,0,1,0,0,0,0,0,0,0,1,0,1,0,0,0,0,0,1,0
1,0,1,0,0,1,0,0,0,0,0,0,1,1,0,0,0,1,1,0,1,0,1,0,0
1,0,1,0,1,0,1,1,0,0,0,0,1,1,0,1,1,0,1,0,1,0,0,1,0
0,1,0,1,0,0,1,0,0,1,0,0,0,0,0,0,0,0,1,0,1,0,0,0,1
0,1,1,1,0,1,0,1,1,0,0,1,1,0,0,0,1,1,0,0,0,0,0,0,0
0,1,0,1,0,0,0,1,1,0,0,0,1,0,0,0,0,0,1,0,0,0,0,0,0
1,1,0,1,1,0,1,1,0,1,1,1,0,0,1,1,0,0,0,0,1,0,0,0,1
1,0,1,0,1,1,1,0,1,0,0,0,0,1,0,1,1,1,1,0,1,0,0,1,1
1,1,1,0,1,0,1,1,1,0,0,1,0,0,0,0,1,1,1,0,1,0,0,0,1
1,0,1,0,1,1,1,1,1,1,1,0,1,1,1,1,0,1,1,0,1,1,0,1,1
1,1,1,1,1,0,0,0,0,0,0,0,0,1,0,1,0,0,0,1,0,0,0,0,0
1,1,0,1,1,0,0,1,0,0,1,0,1,1,0,0,1,1,1,1,0,0,0,0,1
0,0,0,0,0,0,0,1,0,0,0,0,0,0,1,0,0,0,1,0,0,0,1,0,1
0,1,0,0,0,0,0,1,0,0,0,0,1,1,0,1,0,0,1,0,0,0,0,1,1
1,1,1,0,1,1,1,1,1,1,0,0,0,1,0,1,0,0,1,0,1,1,0,1,0
0,1,0,1,1,0,0,0,1,1,0,0,0,1,0,1,0,1,1,1,1,0,0,1,0
0,1,0,1,0,0,1,1,0,1,1,0,1,1,0,1,1,0,1,0,0,0,0,0,0
1,1,1,1,0,1,1,1,0,1,1,0,1,1,0,0,1,1,0,0,1,0,0,0,1
1,1,1,1,1,1,1,0,1,0,0,1,1,0,1,0,1,0,1,0,0,0,0,0,1
0,1,0,0,0,1,0,1,0,1,0,0,0,1,0,0,0,1,0,0,1,0,0,0,0
0,1,0,0,0,1,0,0,0,0,0,0,0,0,0,0,0,1,1,0,1,0,0,0,0
0,1,0,1,1,1,0,1,0,1,0,1,1,1,0,0,0,0,1,1,0,0,0,0,0
0,0,1,0,1,0,0,0,1,1,0,0,0,0,0,1,0,1,1,0,0,0,0,1,0
0,1,0,1,1,1,1,1,1,0,0,0,1,0,0,0,1,1,1,0,0,0,0,0,1
1,0,0,1,1,1,0,0,0,1,1,1,1,0,0,1,1,1,1,0,1,0,0,1,1
0,0,0,1,1,1,1,0,1,0,0,0,1,1,1,0,1,0,1,1,1,0,0,0,0
0,1,1,1,0,1,1,1,0,0,0,1,0,1,0,0,1,0,1,1,0,0,0,1,0
1,1,0,1,1,1,0,1,0,0,0,0,0,0,0,1,1,0,1,0,1,0,0,0,0
0,1,1,1,0,0,1,0,0,1,1,0,1,0,0,0,1,0,1,0,0,0,0,1,1
0,1,1,1,1,0,1,1,0,0,0,0,1,0,0,1,0,0,1,0,0,0,0,0,0
1,1,0,1,1,1,1,1,1,0,1,0,1,1,0,0,1,0,1,0,1,0,1,0,0
0,1,0,1,0,1,1,1,1,1,0,0,1,1,1,1,0,1,1,0,0,1,1,0,1
1,1,1,0,0,0,0,0,1,0,0,0,0,0,0,1,0,1,0,0,0,0,0,0,1
0,0,1,1,1,0,0,0,0,0,0,0,1,0,0,0,1,0,1,0,0,0,0,0,0
1,1,0,1,1,1,1,1,1,0,1,1,1,1,1,1,0,0,1,0,1,0,1,1,0
1,0,0,0,0,1,0,1,0,0,0,1,0,0,0,0,0,1,1,1,0,0,1,0,0
0,0,0,0,0,1,0,0,0,0,0,0,1,0,0,1,0,0,0,0,0,0,1,1,1
1,1,0,1,1,1,1,1,1,0,1,0,1,0,0,1,1,0,1,0,1,0,0,0,1
1,0,0,0,0,1,1,0,1,0,1,0,1,1,0,1,1,0,1,0,1,0,1,0,1
0,1,0,1,1,1,1,1,1,0,0,1,1,1,1,1,1,0,1,0,0,0,0,1,1
1,1,0,0,1,1,1,1,1,1,0,0,1,1,1,0,0,0,1,0,1,0,0,0,0
1,1,0,0,1,1,1,1,1,0,1,0,1,0,1,1,0,0,1,0,1,1,0,1,1
1,1,0,0,1,1,1,1,1,0,1,1,1,0,0,1,1,1,1,0,1,0,0,1,0
0,0,1,1,1,0,1,1,0,0,0,0,1,0,0,1,1,1,1,0,1,0,1,0,0
1,1,1,1,0,1,1,0,0,0,0,0,0,0,0,0,1,1,0,0,0,0,0,1,0
1,1,0,1,1,1,1,1,0,1,1,1,1,1,1,1,1,0,1,0,1,0,1,1,1
0,1,0,0,0,0,1,0,0,1,0,0,1,1,0,0,0,0,1,1,0,0,0,0,0
1,1,1,1,0,0,1,0,0,0,0,0,1,1,0,0,0,1,1,0,1,0,0,0,1
0,1,0,0,1,0,1,1,0,1,0,0,1,0,0,0,0,1,1,0,1,1,0,0,1
1,1,0,1,0,0,0,0,1,0,0,0,1,0,0,0,0,1,0,0,1,0,1,1,0
0,1,0,1,0,1,0,1,0,1,1,1,1,0,0,0,1,1,1,1,1,0,1,1,1
1,1,0,1,1,1,1,0,1,0,0,1,1,1,0,0,1,1,1,1,1,0,1,1,1
1,1,0,0,1,1,1,1,1,1,0,0,1,1,1,0,0,1,1,0,0,0,0,1,0
0,1,0,0,0,0,0,1,0,1,0,0,0,0,1,1,0,1,0,0,1,0,0,0,0
1,1,1,0,1,1,1,1,1,1,0,0,1,1,1,1,1,0,1,1,1,1,1,1,1
1,1,1,1,1,1,1,1,1,1,1,1,1,0,1,1,1,1,1,1,1,1,1,1,1
0,1,1,1,1,1,1,0,0,1,0,0,0,1,1,0,1,0,1,0,0,0,0,1,1
0,1,1,1,1,0,0,1,0,1,1,1,1,1,1,0,1,1,1,0,0,1,0,0,1
1,0,1,1,1,1,1,1,0,0,1,0,0,0,0,0,1,1,1,0,0,0,0,0,1
0,1,1,1,1,1,0,1,1,1,0,0,0,1,0,1,0,1,1,0,0,0,0,1,0
1,1,1,0,1,1,0,1,1,1,0,1,0,0,0,1,0,0,0,0,0,0,0,0,0
1,1,0,1,1,1,1,1,1,1,1,0,1,0,1,1,1,0,1,0,1,1,1,1,0
1,1,1,1,1,1,1,1,1,1,0,0,1,1,0,1,1,0,1,0,1,0,1,1,0
1,1,0,1,0,1,1,1,0,0,0,1,1,1,0,0,1,0,1,0,1,0,1,0,1
1,1,1,1,0,0,0,1,0,1,0,0,1,1,0,0,0,0,0,0,0,1,0,0,0
0,0,0,1,0,0,1,1,0,0,1,0,0,0,0,0,0,0,0,0,1,0,0,0,1
1,1,1,1,1,1,1,1,1,0,0,0,1,0,1,1,1,1,1,0,1,0,0,0,1
1,1,0,1,0,1,1,1,0,0,0,0,0,1,1,1,1,0,1,0,1,0,1,1,1
0,1,0,0,0,0,0,1,0,0,0,1,0,0,0,0,0,1,1,0,0,0,0,1,0
1,1,1,1,1,1,1,1,1,0,0,1,1,1,1,1,1,0,0,1,0,0,0,0,0
1,1,0,1,1,1,1,1,1,1,1,0,1,1,1,1,1,0,1,1,1,1,0,1,1
0,1,1,1,0,1,1,1,1,1,0,1,1,1,0,1,1,0,1,1,0,0,1,0,1
0,0,0,0,0,0,0,1,0,0,0,0,0,1,0,0,0,0,1,0,0,0,1,0,1
1,1,0,0,1,1,1,0,1,0,1,0,1,1,0,1,1,1,1,1,1,0,0,1,1
1,1,0,1,1,1,1,1,0,0,0,1,1,0,0,1,1,1,1,1,0,1,0,1,1
1,0,0,0,1,1,1,1,1,1,1,1,1,0,0,1,1,0,1,1,1,1,0,1,1
1,1,1,1,1,1,1,1,1,0,0,1,1,0,1,1,1,1,1,0,1,1,1,1,1
1,1,0,1,0,1,1,1,1,1,0,1,1,1,0,1,1,0,1,1,1,0,0,0,0
1,1,1,1,1,1,1,1,1,1,1,1,1,1,0,1,1,1,1,1,1,1,0,1,1
1,1,1,1,0,1,0,1,0,0,0,1,0,0,1,1,1,1,1,0,0,0,0,1,0
1,1,1,1,1,1,1,1,0,1,1,1,0,0,1,0,1,0,1,0,1,0,1,1,1
1,0,1,1,1,0,1,1,1,1,0,0,0,1,1,1,1,0,1,1,1,0,0,0,0
1,1,1,1,1,1,1,1,1,1,1,1,1,1,0,0,1,0,1,0,1,1,1,1,1
1,1,1,1,1,0,1,1,0,1,0,1,1,0,0,1,1,1,1,0,1,0,0,1,1
1,1,0,1,1,0,0,1,0,1,0,0,0,1,0,0,0,0,0,0,0,0,0,0,1
0,1,0,1,1,1,1,1,1,0,1,0,1,0,0,0,0,0,1,0,1,0,0,1,0
0,1,0,0,0,1,0,1,1,0,0,1,1,1,0,1,1,0,1,0,1,0,0,1,1
1,1,1,1,0,1,1,1,0,1,0,1,0,0,0,0,0,0,1,0,1,0,1,0,0
0,0,0,0,0,1,0,1,0,0,0,0,1,0,1,0,0,1,1,0,1,1,0,0,0
1,1,0,1,0,1,0,1,0,0,0,1,1,1,0,1,0,1,1,0,0,0,0,0,1
1,1,1,0,0,1,1,1,0,0,1,1,1,0,0,0,0,0,1,0,0,0,0,1,0
1,1,0,1,1,0,0,0,0,1,0,0,0,0,0,0,0,0,1,0,0,0,1,0,0
0,1,0,1,1,1,1,1,1,1,0,0,1,0,1,1,1,0,1,1,1,1,0,1,1
0,1,0,1,0,1,1,1,0,0,0,1,0,0,0,1,1,0,1,0,1,1,1,0,1
1,1,1,1,1,1,1,1,1,1,0,0,1,1,1,1,0,1,1,0,1,0,0,1,1
0,0,0,1,1,1,0,1,0,1,0,0,1,0,1,1,0,1,1,0,0,0,0,0,1
1,1,0,1,1,0,0,0,1,0,1,0,1,1,1,1,0,1,1,0,0,0,1,0,1
1,1,0,1,1,1,1,0,1,0,1,0,1,1,0,1,1,0,1,1,1,1,0,1,0
1,1,0,1,1,1,0,0,0,1,0,0,0,0,0,0,0,0,1,0,0,0,0,1,0
0,0,0,0,0,0,0,1,0,0,0,0,1,1,0,1,1,1,0,0,1,0,0,0,0
1,0,0,0,1,1,1,1,1,0,0,0,1,0,1,0,1,0,1,0,0,0,1,1,0
1,0,1,1,1,1,1,0,1,0,0,1,0,0,0,0,0,0,1,0,0,0,0,1,1
1,1,1,1,1,0,0,1,0,1,1,1,1,1,1,0,0,0,0,0,1,0,0,1,0
1,1,0,1,1,1,1,1,1,1,0,1,0,1,1,1,0,0,1,0,0,0,0,0,1
1,1,0,1,1,1,1,1,0,0,0,0,1,1,1,1,0,1,1,0,1,1,0,1,1
1,1,1,0,0,1,1,1,1,1,1,0,1,1,1,1,0,1,1,0,1,0,0,1,0
0,0,0,0,0,1,0,0,0,0,0,0,0,1,1,1,0,0,1,1,1,1,1,1,0
1,0,1,1,1,1,1,1,0,0,1,0,0,0,0,1,1,0,1,0,1,1,1,0,0
0,0,1,1,1,1,0,1,0,0,0,1,1,1,0,0,0,1,1,0,0,0,0,1,1
0,1,0,0,0,0,0,0,0,1,0,1,0,0,1,1,0,0,1,0,0,0,0,0,0
1,1,1,0,1,1,1,1,0,0,1,0,1,1,1,1,1,0,1,1,1,1,0,1,1
0,0,0,1,1,1,1,1,0,0,0,1,1,0,1,1,0,0,1,0,1,1,0,1,1
1,1,0,0,0,1,1,1,0,0,0,1,1,0,1,1,1,1,1,0,0,0,1,1,1
0,0,1,0,1,1,0,1,0,0,0,1,1,0,0,0,0,1,1,0,0,0,0,1,1
1,1,1,1,1,1,0,0,0,1,0,1,1,0,1,0,1,0,1,1,1,1,0,1,0
0,1,1,1,1,1,1,1,0,1,0,1,1,1,0,1,1,1,1,0,0,0,0,1,0
1,1,0,1,1,1,1,0,0,1,1,1,1,1,1,0,1,1,1,0,0,1,0,0,1
1,1,1,1,1,1,1,1,1,1,0,1,1,1,0,1,1,1,1,0,1,0,0,1,1
1,0,0,1,1,0,1,1,1,0,1,0,1,0,0,0,0,0,1,0,0,1,1,1,0
1,1,0,0,0,1,0,1,0,0,1,1,1,0,0,0,1,1,1,0,1,0,1,0,0
1,1,0,1,1,1,1,1,0,1,0,0,1,1,0,0,0,1,1,1,0,1,1,1,1
1,1,0,0,0,1,1,1,0,1,1,1,1,0,0,0,1,0,1,0,1,1,1,1,0
1,1,0,1,0,1,1,1,0,1,0,1,1,1,0,0,0,1,1,0,1,0,0,1,1
0,1,1,1,0,1,0,1,0,1,1,0,0,0,0,0,0,1,1,1,0,0,1,1,0
1,1,0,1,1,1,1,1,0,1,0,1,1,1,1,1,1,0,1,1,1,1,1,1,0
1,0,0,1,0,0,1,1,0,0,0,1,1,1,0,0,1,1,1,1,0,0,0,1,0
1,1,1,0,0,1,0,1,0,0,0,0,0,0,0,0,0,1,1,0,0,0,1,0,1
1,1,0,0,0,1,1,1,1,0,1,1,1,1,0,0,1,1,1,0,0,0,1,0,0
1,1,1,1,0,1,0,1,1,1,0,0,1,0,1,0,0,1,1,0,0,1,1,1,0
1,1,1,1,1,1,1,1,1,1,1,1,1,1,1,1,1,0,0,1,1,1,1,1,1
1,1,1,1,1,1,1,1,1,1,1,0,1,1,1,0,1,1,0,0,1,1,1,1,1
1,1,0,1,1,1,1,1,1,1,1,1,1,0,1,1,0,0,1,0,1,1,0,1,1
1,0,0,0,1,1,1,1,1,1,0,1,1,1,0,1,0,1,1,0,1,1,1,1,1
0,1,1,0,1,1,1,0,1,1,1,1,0,0,0,0,1,1,1,0,1,0,0,1,0
1,1,1,1,1,0,1,1,0,0,0,0,0,0,0,1,0,1,1,0,0,1,0,0,1
1,1,0,1,0,1,0,0,0,0,0,0,1,0,0,0,0,0,1,0,0,1,1,0,0